alter,wohnfläche (in m2) pro person,time_period,source_sheet,sheet_type
0,27.6,2024,GWS-STATPOP2024,wohnflaeche
1,28.3,2024,GWS-STATPOP2024,wohnflaeche
2,28.2,2024,GWS-STATPOP2024,wohnflaeche
3,28.1,2024,GWS-STATPOP2024,wohnflaeche
4,27.9,2024,GWS-STATPOP2024,wohnflaeche
5,28.1,2024,GWS-STATPOP2024,wohnflaeche
6,28.2,2024,GWS-STATPOP2024,wohnflaeche
7,28.3,2024,GWS-STATPOP2024,wohnflaeche
8,28.5,2024,GWS-STATPOP2024,wohnflaeche
9,28.7,2024,GWS-STATPOP2024,wohnflaeche
10,28.9,2024,GWS-STATPOP2024,wohnflaeche
11,29.3,2024,GWS-STATPOP2024,wohnflaeche
12,29.4,2024,GWS-STATPOP2024,wohnflaeche
13,29.7,2024,GWS-STATPOP2024,wohnflaeche
14,30.0,2024,GWS-STATPOP2024,wohnflaeche
15,30.3,2024,GWS-STATPOP2024,wohnflaeche
16,30.7,2024,GWS-STATPOP2024,wohnflaeche
17,30.9,2024,GWS-STATPOP2024,wohnflaeche
18,31.3,2024,GWS-STATPOP2024,wohnflaeche
19,31.7,2024,GWS-STATPOP2024,wohnflaeche
20,32.4,2024,GWS-STATPOP2024,wohnflaeche
21,32.9,2024,GWS-STATPOP2024,wohnflaeche
22,33.8,2024,GWS-STATPOP2024,wohnflaeche
23,34.4,2024,GWS-STATPOP2024,wohnflaeche
24,35.1,2024,GWS-STATPOP2024,wohnflaeche
25,35.7,2024,GWS-STATPOP2024,wohnflaeche
26,36.3,2024,GWS-STATPOP2024,wohnflaeche
27,36.7,2024,GWS-STATPOP2024,wohnflaeche
28,36.9,2024,GWS-STATPOP2024,wohnflaeche
29,36.8,2024,GWS-STATPOP2024,wohnflaeche
30,36.7,2024,GWS-STATPOP2024,wohnflaeche
31,36.2,2024,GWS-STATPOP2024,wohnflaeche
32,35.7,2024,GWS-STATPOP2024,wohnflaeche
33,35.2,2024,GWS-STATPOP2024,wohnflaeche
34,34.8,2024,GWS-STATPOP2024,wohnflaeche
35,34.3,2024,GWS-STATPOP2024,wohnflaeche
36,33.9,2024,GWS-STATPOP2024,wohnflaeche
37,33.5,2024,GWS-STATPOP2024,wohnflaeche
38,33.5,2024,GWS-STATPOP2024,wohnflaeche
39,33.5,2024,GWS-STATPOP2024,wohnflaeche
40,33.6,2024,GWS-STATPOP2024,wohnflaeche
41,33.6,2024,GWS-STATPOP2024,wohnflaeche
42,33.8,2024,GWS-STATPOP2024,wohnflaeche
43,34.1,2024,GWS-STATPOP2024,wohnflaeche
44,34.5,2024,GWS-STATPOP2024,wohnflaeche
45,34.9,2024,GWS-STATPOP2024,wohnflaeche
46,35.2,2024,GWS-STATPOP2024,wohnflaeche
47,35.8,2024,GWS-STATPOP2024,wohnflaeche
48,36.3,2024,GWS-STATPOP2024,wohnflaeche
49,37.0,2024,GWS-STATPOP2024,wohnflaeche
50,37.8,2024,GWS-STATPOP2024,wohnflaeche
51,38.7,2024,GWS-STATPOP2024,wohnflaeche
52,39.8,2024,GWS-STATPOP2024,wohnflaeche
53,41.0,2024,GWS-STATPOP2024,wohnflaeche
54,42.2,2024,GWS-STATPOP2024,wohnflaeche
55,43.5,2024,GWS-STATPOP2024,wohnflaeche
56,44.9,2024,GWS-STATPOP2024,wohnflaeche
57,46.3,2024,GWS-STATPOP2024,wohnflaeche
58,47.4,2024,GWS-STATPOP2024,wohnflaeche
59,48.7,2024,GWS-STATPOP2024,wohnflaeche
60,50.1,2024,GWS-STATPOP2024,wohnflaeche
61,51.3,2024,GWS-STATPOP2024,wohnflaeche
62,52.3,2024,GWS-STATPOP2024,wohnflaeche
63,53.3,2024,GWS-STATPOP2024,wohnflaeche
64,54.0,2024,GWS-STATPOP2024,wohnflaeche
65,55.0,2024,GWS-STATPOP2024,wohnflaeche
66,55.9,2024,GWS-STATPOP2024,wohnflaeche
67,56.9,2024,GWS-STATPOP2024,wohnflaeche
68,57.1,2024,GWS-STATPOP2024,wohnflaeche
69,57.2,2024,GWS-STATPOP2024,wohnflaeche
70,57.7,2024,GWS-STATPOP2024,wohnflaeche
71,58.3,2024,GWS-STATPOP2024,wohnflaeche
72,58.8,2024,GWS-STATPOP2024,wohnflaeche
73,59.3,2024,GWS-STATPOP2024,wohnflaeche
74,59.3,2024,GWS-STATPOP2024,wohnflaeche
75,59.7,2024,GWS-STATPOP2024,wohnflaeche
76,60.3,2024,GWS-STATPOP2024,wohnflaeche
77,60.8,2024,GWS-STATPOP2024,wohnflaeche
78,61.3,2024,GWS-STATPOP2024,wohnflaeche
79,61.5,2024,GWS-STATPOP2024,wohnflaeche
80,61.8,2024,GWS-STATPOP2024,wohnflaeche
81,62.1,2024,GWS-STATPOP2024,wohnflaeche
82,62.5,2024,GWS-STATPOP2024,wohnflaeche
83,62.8,2024,GWS-STATPOP2024,wohnflaeche
84,62.7,2024,GWS-STATPOP2024,wohnflaeche
85,63.5,2024,GWS-STATPOP2024,wohnflaeche
86,63.5,2024,GWS-STATPOP2024,wohnflaeche
87,63.7,2024,GWS-STATPOP2024,wohnflaeche
88,64.9,2024,GWS-STATPOP2024,wohnflaeche
89,65.2,2024,GWS-STATPOP2024,wohnflaeche
90,66.1,2024,GWS-STATPOP2024,wohnflaeche
91,67.0,2024,GWS-STATPOP2024,wohnflaeche
92,67.5,2024,GWS-STATPOP2024,wohnflaeche
93,68.0,2024,GWS-STATPOP2024,wohnflaeche
94,69.2,2024,GWS-STATPOP2024,wohnflaeche
95,68.9,2024,GWS-STATPOP2024,wohnflaeche
96,69.4,2024,GWS-STATPOP2024,wohnflaeche
97,70.4,2024,GWS-STATPOP2024,wohnflaeche
98,69.3,2024,GWS-STATPOP2024,wohnflaeche
99,72.4,2024,GWS-STATPOP2024,wohnflaeche
0,27.6,2023,GWS-STATPOP2023,wohnflaeche
1,28.4,2023,GWS-STATPOP2023,wohnflaeche
2,28.3,2023,GWS-STATPOP2023,wohnflaeche
3,27.9,2023,GWS-STATPOP2023,wohnflaeche
4,28.0,2023,GWS-STATPOP2023,wohnflaeche
5,28.1,2023,GWS-STATPOP2023,wohnflaeche
6,28.2,2023,GWS-STATPOP2023,wohnflaeche
7,28.4,2023,GWS-STATPOP2023,wohnflaeche
8,28.5,2023,GWS-STATPOP2023,wohnflaeche
9,28.7,2023,GWS-STATPOP2023,wohnflaeche
10,29.1,2023,GWS-STATPOP2023,wohnflaeche
11,29.2,2023,GWS-STATPOP2023,wohnflaeche
12,29.6,2023,GWS-STATPOP2023,wohnflaeche
13,29.8,2023,GWS-STATPOP2023,wohnflaeche
14,30.0,2023,GWS-STATPOP2023,wohnflaeche
15,30.4,2023,GWS-STATPOP2023,wohnflaeche
16,30.6,2023,GWS-STATPOP2023,wohnflaeche
17,30.9,2023,GWS-STATPOP2023,wohnflaeche
18,31.3,2023,GWS-STATPOP2023,wohnflaeche
19,31.9,2023,GWS-STATPOP2023,wohnflaeche
20,32.4,2023,GWS-STATPOP2023,wohnflaeche
21,33.2,2023,GWS-STATPOP2023,wohnflaeche
22,33.8,2023,GWS-STATPOP2023,wohnflaeche
23,34.6,2023,GWS-STATPOP2023,wohnflaeche
24,35.3,2023,GWS-STATPOP2023,wohnflaeche
25,35.8,2023,GWS-STATPOP2023,wohnflaeche
26,36.4,2023,GWS-STATPOP2023,wohnflaeche
27,36.8,2023,GWS-STATPOP2023,wohnflaeche
28,36.9,2023,GWS-STATPOP2023,wohnflaeche
29,36.9,2023,GWS-STATPOP2023,wohnflaeche
30,36.4,2023,GWS-STATPOP2023,wohnflaeche
31,36.1,2023,GWS-STATPOP2023,wohnflaeche
32,35.6,2023,GWS-STATPOP2023,wohnflaeche
33,35.1,2023,GWS-STATPOP2023,wohnflaeche
34,34.6,2023,GWS-STATPOP2023,wohnflaeche
35,34.1,2023,GWS-STATPOP2023,wohnflaeche
36,33.8,2023,GWS-STATPOP2023,wohnflaeche
37,33.5,2023,GWS-STATPOP2023,wohnflaeche
38,33.4,2023,GWS-STATPOP2023,wohnflaeche
39,33.5,2023,GWS-STATPOP2023,wohnflaeche
40,33.5,2023,GWS-STATPOP2023,wohnflaeche
41,33.6,2023,GWS-STATPOP2023,wohnflaeche
42,33.9,2023,GWS-STATPOP2023,wohnflaeche
43,34.2,2023,GWS-STATPOP2023,wohnflaeche
44,34.6,2023,GWS-STATPOP2023,wohnflaeche
45,34.9,2023,GWS-STATPOP2023,wohnflaeche
46,35.4,2023,GWS-STATPOP2023,wohnflaeche
47,35.9,2023,GWS-STATPOP2023,wohnflaeche
48,36.6,2023,GWS-STATPOP2023,wohnflaeche
49,37.3,2023,GWS-STATPOP2023,wohnflaeche
50,38.2,2023,GWS-STATPOP2023,wohnflaeche
51,39.2,2023,GWS-STATPOP2023,wohnflaeche
52,40.3,2023,GWS-STATPOP2023,wohnflaeche
53,41.4,2023,GWS-STATPOP2023,wohnflaeche
54,42.6,2023,GWS-STATPOP2023,wohnflaeche
55,43.9,2023,GWS-STATPOP2023,wohnflaeche
56,45.3,2023,GWS-STATPOP2023,wohnflaeche
57,46.3,2023,GWS-STATPOP2023,wohnflaeche
58,47.7,2023,GWS-STATPOP2023,wohnflaeche
59,49.1,2023,GWS-STATPOP2023,wohnflaeche
60,50.3,2023,GWS-STATPOP2023,wohnflaeche
61,51.5,2023,GWS-STATPOP2023,wohnflaeche
62,52.4,2023,GWS-STATPOP2023,wohnflaeche
63,53.2,2023,GWS-STATPOP2023,wohnflaeche
64,54.1,2023,GWS-STATPOP2023,wohnflaeche
65,55.1,2023,GWS-STATPOP2023,wohnflaeche
66,56.2,2023,GWS-STATPOP2023,wohnflaeche
67,56.5,2023,GWS-STATPOP2023,wohnflaeche
68,56.7,2023,GWS-STATPOP2023,wohnflaeche
69,57.2,2023,GWS-STATPOP2023,wohnflaeche
70,57.9,2023,GWS-STATPOP2023,wohnflaeche
71,58.3,2023,GWS-STATPOP2023,wohnflaeche
72,58.9,2023,GWS-STATPOP2023,wohnflaeche
73,58.9,2023,GWS-STATPOP2023,wohnflaeche
74,59.2,2023,GWS-STATPOP2023,wohnflaeche
75,59.9,2023,GWS-STATPOP2023,wohnflaeche
76,60.4,2023,GWS-STATPOP2023,wohnflaeche
77,60.8,2023,GWS-STATPOP2023,wohnflaeche
78,61.0,2023,GWS-STATPOP2023,wohnflaeche
79,61.4,2023,GWS-STATPOP2023,wohnflaeche
80,61.5,2023,GWS-STATPOP2023,wohnflaeche
81,61.9,2023,GWS-STATPOP2023,wohnflaeche
82,62.2,2023,GWS-STATPOP2023,wohnflaeche
83,62.1,2023,GWS-STATPOP2023,wohnflaeche
84,62.6,2023,GWS-STATPOP2023,wohnflaeche
85,62.7,2023,GWS-STATPOP2023,wohnflaeche
86,62.8,2023,GWS-STATPOP2023,wohnflaeche
87,64.0,2023,GWS-STATPOP2023,wohnflaeche
88,64.4,2023,GWS-STATPOP2023,wohnflaeche
89,64.8,2023,GWS-STATPOP2023,wohnflaeche
90,65.7,2023,GWS-STATPOP2023,wohnflaeche
91,66.3,2023,GWS-STATPOP2023,wohnflaeche
92,67.2,2023,GWS-STATPOP2023,wohnflaeche
93,68.1,2023,GWS-STATPOP2023,wohnflaeche
94,68.9,2023,GWS-STATPOP2023,wohnflaeche
95,69.5,2023,GWS-STATPOP2023,wohnflaeche
96,69.3,2023,GWS-STATPOP2023,wohnflaeche
97,71.3,2023,GWS-STATPOP2023,wohnflaeche
98,70.6,2023,GWS-STATPOP2023,wohnflaeche
99,71.1,2023,GWS-STATPOP2023,wohnflaeche
0,27.8,2022,GWS-STATPOP2022,wohnflaeche
1,28.5,2022,GWS-STATPOP2022,wohnflaeche
2,28.1,2022,GWS-STATPOP2022,wohnflaeche
3,27.9,2022,GWS-STATPOP2022,wohnflaeche
4,27.9,2022,GWS-STATPOP2022,wohnflaeche
5,28.0,2022,GWS-STATPOP2022,wohnflaeche
6,28.2,2022,GWS-STATPOP2022,wohnflaeche
7,28.3,2022,GWS-STATPOP2022,wohnflaeche
8,28.5,2022,GWS-STATPOP2022,wohnflaeche
9,28.9,2022,GWS-STATPOP2022,wohnflaeche
10,29.0,2022,GWS-STATPOP2022,wohnflaeche
11,29.3,2022,GWS-STATPOP2022,wohnflaeche
12,29.6,2022,GWS-STATPOP2022,wohnflaeche
13,29.8,2022,GWS-STATPOP2022,wohnflaeche
14,30.2,2022,GWS-STATPOP2022,wohnflaeche
15,30.3,2022,GWS-STATPOP2022,wohnflaeche
16,30.7,2022,GWS-STATPOP2022,wohnflaeche
17,31.0,2022,GWS-STATPOP2022,wohnflaeche
18,31.5,2022,GWS-STATPOP2022,wohnflaeche
19,31.9,2022,GWS-STATPOP2022,wohnflaeche
20,32.5,2022,GWS-STATPOP2022,wohnflaeche
21,33.1,2022,GWS-STATPOP2022,wohnflaeche
22,33.9,2022,GWS-STATPOP2022,wohnflaeche
23,34.7,2022,GWS-STATPOP2022,wohnflaeche
24,35.3,2022,GWS-STATPOP2022,wohnflaeche
25,36.0,2022,GWS-STATPOP2022,wohnflaeche
26,36.5,2022,GWS-STATPOP2022,wohnflaeche
27,36.8,2022,GWS-STATPOP2022,wohnflaeche
28,36.8,2022,GWS-STATPOP2022,wohnflaeche
29,36.7,2022,GWS-STATPOP2022,wohnflaeche
30,36.4,2022,GWS-STATPOP2022,wohnflaeche
31,35.9,2022,GWS-STATPOP2022,wohnflaeche
32,35.4,2022,GWS-STATPOP2022,wohnflaeche
33,35.0,2022,GWS-STATPOP2022,wohnflaeche
34,34.4,2022,GWS-STATPOP2022,wohnflaeche
35,33.9,2022,GWS-STATPOP2022,wohnflaeche
36,33.7,2022,GWS-STATPOP2022,wohnflaeche
37,33.5,2022,GWS-STATPOP2022,wohnflaeche
38,33.4,2022,GWS-STATPOP2022,wohnflaeche
39,33.3,2022,GWS-STATPOP2022,wohnflaeche
40,33.4,2022,GWS-STATPOP2022,wohnflaeche
41,33.6,2022,GWS-STATPOP2022,wohnflaeche
42,33.9,2022,GWS-STATPOP2022,wohnflaeche
43,34.3,2022,GWS-STATPOP2022,wohnflaeche
44,34.6,2022,GWS-STATPOP2022,wohnflaeche
45,35.1,2022,GWS-STATPOP2022,wohnflaeche
46,35.5,2022,GWS-STATPOP2022,wohnflaeche
47,36.1,2022,GWS-STATPOP2022,wohnflaeche
48,36.8,2022,GWS-STATPOP2022,wohnflaeche
49,37.6,2022,GWS-STATPOP2022,wohnflaeche
50,38.5,2022,GWS-STATPOP2022,wohnflaeche
51,39.6,2022,GWS-STATPOP2022,wohnflaeche
52,40.7,2022,GWS-STATPOP2022,wohnflaeche
53,41.7,2022,GWS-STATPOP2022,wohnflaeche
54,43.0,2022,GWS-STATPOP2022,wohnflaeche
55,44.3,2022,GWS-STATPOP2022,wohnflaeche
56,45.2,2022,GWS-STATPOP2022,wohnflaeche
57,46.6,2022,GWS-STATPOP2022,wohnflaeche
58,48.0,2022,GWS-STATPOP2022,wohnflaeche
59,49.2,2022,GWS-STATPOP2022,wohnflaeche
60,50.3,2022,GWS-STATPOP2022,wohnflaeche
61,51.3,2022,GWS-STATPOP2022,wohnflaeche
62,52.1,2022,GWS-STATPOP2022,wohnflaeche
63,53.2,2022,GWS-STATPOP2022,wohnflaeche
64,54.2,2022,GWS-STATPOP2022,wohnflaeche
65,55.3,2022,GWS-STATPOP2022,wohnflaeche
66,55.7,2022,GWS-STATPOP2022,wohnflaeche
67,56.0,2022,GWS-STATPOP2022,wohnflaeche
68,56.6,2022,GWS-STATPOP2022,wohnflaeche
69,57.3,2022,GWS-STATPOP2022,wohnflaeche
70,57.8,2022,GWS-STATPOP2022,wohnflaeche
71,58.5,2022,GWS-STATPOP2022,wohnflaeche
72,58.3,2022,GWS-STATPOP2022,wohnflaeche
73,58.8,2022,GWS-STATPOP2022,wohnflaeche
74,59.5,2022,GWS-STATPOP2022,wohnflaeche
75,59.9,2022,GWS-STATPOP2022,wohnflaeche
76,60.3,2022,GWS-STATPOP2022,wohnflaeche
77,60.5,2022,GWS-STATPOP2022,wohnflaeche
78,60.7,2022,GWS-STATPOP2022,wohnflaeche
79,60.8,2022,GWS-STATPOP2022,wohnflaeche
80,61.3,2022,GWS-STATPOP2022,wohnflaeche
81,61.6,2022,GWS-STATPOP2022,wohnflaeche
82,61.4,2022,GWS-STATPOP2022,wohnflaeche
83,61.9,2022,GWS-STATPOP2022,wohnflaeche
84,61.9,2022,GWS-STATPOP2022,wohnflaeche
85,62.0,2022,GWS-STATPOP2022,wohnflaeche
86,63.0,2022,GWS-STATPOP2022,wohnflaeche
87,63.5,2022,GWS-STATPOP2022,wohnflaeche
88,64.0,2022,GWS-STATPOP2022,wohnflaeche
89,64.7,2022,GWS-STATPOP2022,wohnflaeche
90,65.5,2022,GWS-STATPOP2022,wohnflaeche
91,66.3,2022,GWS-STATPOP2022,wohnflaeche
92,67.4,2022,GWS-STATPOP2022,wohnflaeche
93,67.7,2022,GWS-STATPOP2022,wohnflaeche
94,68.4,2022,GWS-STATPOP2022,wohnflaeche
95,68.6,2022,GWS-STATPOP2022,wohnflaeche
96,70.9,2022,GWS-STATPOP2022,wohnflaeche
97,70.3,2022,GWS-STATPOP2022,wohnflaeche
98,69.5,2022,GWS-STATPOP2022,wohnflaeche
99,69.0,2022,GWS-STATPOP2022,wohnflaeche
0,27.9,2021,GWS-STATPOP2021,wohnflaeche
1,28.4,2021,GWS-STATPOP2021,wohnflaeche
2,28.2,2021,GWS-STATPOP2021,wohnflaeche
3,28.0,2021,GWS-STATPOP2021,wohnflaeche
4,28.0,2021,GWS-STATPOP2021,wohnflaeche
5,28.1,2021,GWS-STATPOP2021,wohnflaeche
6,28.3,2021,GWS-STATPOP2021,wohnflaeche
7,28.5,2021,GWS-STATPOP2021,wohnflaeche
8,28.9,2021,GWS-STATPOP2021,wohnflaeche
9,29.0,2021,GWS-STATPOP2021,wohnflaeche
10,29.3,2021,GWS-STATPOP2021,wohnflaeche
11,29.5,2021,GWS-STATPOP2021,wohnflaeche
12,29.8,2021,GWS-STATPOP2021,wohnflaeche
13,30.1,2021,GWS-STATPOP2021,wohnflaeche
14,30.2,2021,GWS-STATPOP2021,wohnflaeche
15,30.5,2021,GWS-STATPOP2021,wohnflaeche
16,30.8,2021,GWS-STATPOP2021,wohnflaeche
17,31.2,2021,GWS-STATPOP2021,wohnflaeche
18,31.5,2021,GWS-STATPOP2021,wohnflaeche
19,32.2,2021,GWS-STATPOP2021,wohnflaeche
20,32.7,2021,GWS-STATPOP2021,wohnflaeche
21,33.4,2021,GWS-STATPOP2021,wohnflaeche
22,34.1,2021,GWS-STATPOP2021,wohnflaeche
23,34.8,2021,GWS-STATPOP2021,wohnflaeche
24,35.6,2021,GWS-STATPOP2021,wohnflaeche
25,36.4,2021,GWS-STATPOP2021,wohnflaeche
26,36.7,2021,GWS-STATPOP2021,wohnflaeche
27,36.9,2021,GWS-STATPOP2021,wohnflaeche
28,36.8,2021,GWS-STATPOP2021,wohnflaeche
29,36.8,2021,GWS-STATPOP2021,wohnflaeche
30,36.4,2021,GWS-STATPOP2021,wohnflaeche
31,35.9,2021,GWS-STATPOP2021,wohnflaeche
32,35.5,2021,GWS-STATPOP2021,wohnflaeche
33,34.9,2021,GWS-STATPOP2021,wohnflaeche
34,34.4,2021,GWS-STATPOP2021,wohnflaeche
35,34.1,2021,GWS-STATPOP2021,wohnflaeche
36,33.8,2021,GWS-STATPOP2021,wohnflaeche
37,33.7,2021,GWS-STATPOP2021,wohnflaeche
38,33.5,2021,GWS-STATPOP2021,wohnflaeche
39,33.5,2021,GWS-STATPOP2021,wohnflaeche
40,33.6,2021,GWS-STATPOP2021,wohnflaeche
41,33.8,2021,GWS-STATPOP2021,wohnflaeche
42,34.2,2021,GWS-STATPOP2021,wohnflaeche
43,34.4,2021,GWS-STATPOP2021,wohnflaeche
44,34.9,2021,GWS-STATPOP2021,wohnflaeche
45,35.3,2021,GWS-STATPOP2021,wohnflaeche
46,35.9,2021,GWS-STATPOP2021,wohnflaeche
47,36.6,2021,GWS-STATPOP2021,wohnflaeche
48,37.2,2021,GWS-STATPOP2021,wohnflaeche
49,38.1,2021,GWS-STATPOP2021,wohnflaeche
50,39.1,2021,GWS-STATPOP2021,wohnflaeche
51,40.0,2021,GWS-STATPOP2021,wohnflaeche
52,41.0,2021,GWS-STATPOP2021,wohnflaeche
53,42.2,2021,GWS-STATPOP2021,wohnflaeche
54,43.4,2021,GWS-STATPOP2021,wohnflaeche
55,44.4,2021,GWS-STATPOP2021,wohnflaeche
56,45.6,2021,GWS-STATPOP2021,wohnflaeche
57,47.0,2021,GWS-STATPOP2021,wohnflaeche
58,48.3,2021,GWS-STATPOP2021,wohnflaeche
59,49.4,2021,GWS-STATPOP2021,wohnflaeche
60,50.6,2021,GWS-STATPOP2021,wohnflaeche
61,51.5,2021,GWS-STATPOP2021,wohnflaeche
62,52.6,2021,GWS-STATPOP2021,wohnflaeche
63,53.6,2021,GWS-STATPOP2021,wohnflaeche
64,54.7,2021,GWS-STATPOP2021,wohnflaeche
65,55.3,2021,GWS-STATPOP2021,wohnflaeche
66,55.7,2021,GWS-STATPOP2021,wohnflaeche
67,56.3,2021,GWS-STATPOP2021,wohnflaeche
68,57.0,2021,GWS-STATPOP2021,wohnflaeche
69,57.6,2021,GWS-STATPOP2021,wohnflaeche
70,58.4,2021,GWS-STATPOP2021,wohnflaeche
71,58.1,2021,GWS-STATPOP2021,wohnflaeche
72,58.7,2021,GWS-STATPOP2021,wohnflaeche
73,59.2,2021,GWS-STATPOP2021,wohnflaeche
74,59.7,2021,GWS-STATPOP2021,wohnflaeche
75,59.9,2021,GWS-STATPOP2021,wohnflaeche
76,60.1,2021,GWS-STATPOP2021,wohnflaeche
77,60.3,2021,GWS-STATPOP2021,wohnflaeche
78,60.3,2021,GWS-STATPOP2021,wohnflaeche
79,60.8,2021,GWS-STATPOP2021,wohnflaeche
80,60.9,2021,GWS-STATPOP2021,wohnflaeche
81,60.6,2021,GWS-STATPOP2021,wohnflaeche
82,61.2,2021,GWS-STATPOP2021,wohnflaeche
83,61.1,2021,GWS-STATPOP2021,wohnflaeche
84,61.5,2021,GWS-STATPOP2021,wohnflaeche
85,62.2,2021,GWS-STATPOP2021,wohnflaeche
86,62.8,2021,GWS-STATPOP2021,wohnflaeche
87,63.0,2021,GWS-STATPOP2021,wohnflaeche
88,63.6,2021,GWS-STATPOP2021,wohnflaeche
89,64.7,2021,GWS-STATPOP2021,wohnflaeche
90,65.0,2021,GWS-STATPOP2021,wohnflaeche
91,66.0,2021,GWS-STATPOP2021,wohnflaeche
92,66.6,2021,GWS-STATPOP2021,wohnflaeche
93,67.4,2021,GWS-STATPOP2021,wohnflaeche
94,67.3,2021,GWS-STATPOP2021,wohnflaeche
95,68.9,2021,GWS-STATPOP2021,wohnflaeche
96,69.4,2021,GWS-STATPOP2021,wohnflaeche
97,67.8,2021,GWS-STATPOP2021,wohnflaeche
98,66.9,2021,GWS-STATPOP2021,wohnflaeche
99,68.8,2021,GWS-STATPOP2021,wohnflaeche
0,27.6,2020,GWS-STATPOP2020,wohnflaeche
1,28.3,2020,GWS-STATPOP2020,wohnflaeche
2,28.1,2020,GWS-STATPOP2020,wohnflaeche
3,27.9,2020,GWS-STATPOP2020,wohnflaeche
4,28.0,2020,GWS-STATPOP2020,wohnflaeche
5,28.1,2020,GWS-STATPOP2020,wohnflaeche
6,28.3,2020,GWS-STATPOP2020,wohnflaeche
7,28.6,2020,GWS-STATPOP2020,wohnflaeche
8,28.8,2020,GWS-STATPOP2020,wohnflaeche
9,29.0,2020,GWS-STATPOP2020,wohnflaeche
10,29.3,2020,GWS-STATPOP2020,wohnflaeche
11,29.5,2020,GWS-STATPOP2020,wohnflaeche
12,29.7,2020,GWS-STATPOP2020,wohnflaeche
13,29.9,2020,GWS-STATPOP2020,wohnflaeche
14,30.2,2020,GWS-STATPOP2020,wohnflaeche
15,30.4,2020,GWS-STATPOP2020,wohnflaeche
16,30.8,2020,GWS-STATPOP2020,wohnflaeche
17,31.0,2020,GWS-STATPOP2020,wohnflaeche
18,31.5,2020,GWS-STATPOP2020,wohnflaeche
19,32.0,2020,GWS-STATPOP2020,wohnflaeche
20,32.6,2020,GWS-STATPOP2020,wohnflaeche
21,33.2,2020,GWS-STATPOP2020,wohnflaeche
22,34.0,2020,GWS-STATPOP2020,wohnflaeche
23,34.8,2020,GWS-STATPOP2020,wohnflaeche
24,35.5,2020,GWS-STATPOP2020,wohnflaeche
25,36.0,2020,GWS-STATPOP2020,wohnflaeche
26,36.3,2020,GWS-STATPOP2020,wohnflaeche
27,36.4,2020,GWS-STATPOP2020,wohnflaeche
28,36.7,2020,GWS-STATPOP2020,wohnflaeche
29,36.4,2020,GWS-STATPOP2020,wohnflaeche
30,36.2,2020,GWS-STATPOP2020,wohnflaeche
31,35.8,2020,GWS-STATPOP2020,wohnflaeche
32,35.2,2020,GWS-STATPOP2020,wohnflaeche
33,34.7,2020,GWS-STATPOP2020,wohnflaeche
34,34.3,2020,GWS-STATPOP2020,wohnflaeche
35,33.9,2020,GWS-STATPOP2020,wohnflaeche
36,33.7,2020,GWS-STATPOP2020,wohnflaeche
37,33.5,2020,GWS-STATPOP2020,wohnflaeche
38,33.3,2020,GWS-STATPOP2020,wohnflaeche
39,33.4,2020,GWS-STATPOP2020,wohnflaeche
40,33.6,2020,GWS-STATPOP2020,wohnflaeche
41,33.8,2020,GWS-STATPOP2020,wohnflaeche
42,34.0,2020,GWS-STATPOP2020,wohnflaeche
43,34.5,2020,GWS-STATPOP2020,wohnflaeche
44,34.8,2020,GWS-STATPOP2020,wohnflaeche
45,35.3,2020,GWS-STATPOP2020,wohnflaeche
46,36.0,2020,GWS-STATPOP2020,wohnflaeche
47,36.7,2020,GWS-STATPOP2020,wohnflaeche
48,37.4,2020,GWS-STATPOP2020,wohnflaeche
49,38.3,2020,GWS-STATPOP2020,wohnflaeche
50,39.1,2020,GWS-STATPOP2020,wohnflaeche
51,40.0,2020,GWS-STATPOP2020,wohnflaeche
52,41.1,2020,GWS-STATPOP2020,wohnflaeche
53,42.1,2020,GWS-STATPOP2020,wohnflaeche
54,43.0,2020,GWS-STATPOP2020,wohnflaeche
55,44.1,2020,GWS-STATPOP2020,wohnflaeche
56,45.5,2020,GWS-STATPOP2020,wohnflaeche
57,46.8,2020,GWS-STATPOP2020,wohnflaeche
58,47.9,2020,GWS-STATPOP2020,wohnflaeche
59,49.2,2020,GWS-STATPOP2020,wohnflaeche
60,50.0,2020,GWS-STATPOP2020,wohnflaeche
61,51.4,2020,GWS-STATPOP2020,wohnflaeche
62,52.4,2020,GWS-STATPOP2020,wohnflaeche
63,53.7,2020,GWS-STATPOP2020,wohnflaeche
64,54.1,2020,GWS-STATPOP2020,wohnflaeche
65,54.7,2020,GWS-STATPOP2020,wohnflaeche
66,55.5,2020,GWS-STATPOP2020,wohnflaeche
67,56.2,2020,GWS-STATPOP2020,wohnflaeche
68,56.8,2020,GWS-STATPOP2020,wohnflaeche
69,57.6,2020,GWS-STATPOP2020,wohnflaeche
70,57.5,2020,GWS-STATPOP2020,wohnflaeche
71,58.0,2020,GWS-STATPOP2020,wohnflaeche
72,58.6,2020,GWS-STATPOP2020,wohnflaeche
73,59.1,2020,GWS-STATPOP2020,wohnflaeche
74,59.3,2020,GWS-STATPOP2020,wohnflaeche
75,59.5,2020,GWS-STATPOP2020,wohnflaeche
76,59.7,2020,GWS-STATPOP2020,wohnflaeche
77,59.7,2020,GWS-STATPOP2020,wohnflaeche
78,60.1,2020,GWS-STATPOP2020,wohnflaeche
79,60.3,2020,GWS-STATPOP2020,wohnflaeche
80,59.9,2020,GWS-STATPOP2020,wohnflaeche
81,60.3,2020,GWS-STATPOP2020,wohnflaeche
82,60.4,2020,GWS-STATPOP2020,wohnflaeche
83,60.6,2020,GWS-STATPOP2020,wohnflaeche
84,61.1,2020,GWS-STATPOP2020,wohnflaeche
85,61.7,2020,GWS-STATPOP2020,wohnflaeche
86,62.0,2020,GWS-STATPOP2020,wohnflaeche
87,62.4,2020,GWS-STATPOP2020,wohnflaeche
88,63.3,2020,GWS-STATPOP2020,wohnflaeche
89,64.3,2020,GWS-STATPOP2020,wohnflaeche
90,64.6,2020,GWS-STATPOP2020,wohnflaeche
91,65.5,2020,GWS-STATPOP2020,wohnflaeche
92,65.9,2020,GWS-STATPOP2020,wohnflaeche
93,65.9,2020,GWS-STATPOP2020,wohnflaeche
94,68.4,2020,GWS-STATPOP2020,wohnflaeche
95,67.9,2020,GWS-STATPOP2020,wohnflaeche
96,65.9,2020,GWS-STATPOP2020,wohnflaeche
97,66.4,2020,GWS-STATPOP2020,wohnflaeche
98,67.5,2020,GWS-STATPOP2020,wohnflaeche
99,66.2,2020,GWS-STATPOP2020,wohnflaeche
0,27.4,2019,GWS-STATPOP2019,wohnflaeche
1,28.1,2019,GWS-STATPOP2019,wohnflaeche
2,27.9,2019,GWS-STATPOP2019,wohnflaeche
3,27.8,2019,GWS-STATPOP2019,wohnflaeche
4,27.8,2019,GWS-STATPOP2019,wohnflaeche
5,28.0,2019,GWS-STATPOP2019,wohnflaeche
6,28.3,2019,GWS-STATPOP2019,wohnflaeche
7,28.4,2019,GWS-STATPOP2019,wohnflaeche
8,28.7,2019,GWS-STATPOP2019,wohnflaeche
9,28.9,2019,GWS-STATPOP2019,wohnflaeche
10,29.1,2019,GWS-STATPOP2019,wohnflaeche
11,29.4,2019,GWS-STATPOP2019,wohnflaeche
12,29.5,2019,GWS-STATPOP2019,wohnflaeche
13,29.8,2019,GWS-STATPOP2019,wohnflaeche
14,30.0,2019,GWS-STATPOP2019,wohnflaeche
15,30.4,2019,GWS-STATPOP2019,wohnflaeche
16,30.5,2019,GWS-STATPOP2019,wohnflaeche
17,31.0,2019,GWS-STATPOP2019,wohnflaeche
18,31.3,2019,GWS-STATPOP2019,wohnflaeche
19,31.8,2019,GWS-STATPOP2019,wohnflaeche
20,32.3,2019,GWS-STATPOP2019,wohnflaeche
21,32.9,2019,GWS-STATPOP2019,wohnflaeche
22,33.6,2019,GWS-STATPOP2019,wohnflaeche
23,34.3,2019,GWS-STATPOP2019,wohnflaeche
24,34.9,2019,GWS-STATPOP2019,wohnflaeche
25,35.4,2019,GWS-STATPOP2019,wohnflaeche
26,35.7,2019,GWS-STATPOP2019,wohnflaeche
27,36.0,2019,GWS-STATPOP2019,wohnflaeche
28,36.1,2019,GWS-STATPOP2019,wohnflaeche
29,35.9,2019,GWS-STATPOP2019,wohnflaeche
30,35.7,2019,GWS-STATPOP2019,wohnflaeche
31,35.2,2019,GWS-STATPOP2019,wohnflaeche
32,34.7,2019,GWS-STATPOP2019,wohnflaeche
33,34.3,2019,GWS-STATPOP2019,wohnflaeche
34,33.9,2019,GWS-STATPOP2019,wohnflaeche
35,33.6,2019,GWS-STATPOP2019,wohnflaeche
36,33.3,2019,GWS-STATPOP2019,wohnflaeche
37,33.2,2019,GWS-STATPOP2019,wohnflaeche
38,33.2,2019,GWS-STATPOP2019,wohnflaeche
39,33.3,2019,GWS-STATPOP2019,wohnflaeche
40,33.5,2019,GWS-STATPOP2019,wohnflaeche
41,33.6,2019,GWS-STATPOP2019,wohnflaeche
42,34.0,2019,GWS-STATPOP2019,wohnflaeche
43,34.3,2019,GWS-STATPOP2019,wohnflaeche
44,34.8,2019,GWS-STATPOP2019,wohnflaeche
45,35.4,2019,GWS-STATPOP2019,wohnflaeche
46,36.0,2019,GWS-STATPOP2019,wohnflaeche
47,36.7,2019,GWS-STATPOP2019,wohnflaeche
48,37.6,2019,GWS-STATPOP2019,wohnflaeche
49,38.3,2019,GWS-STATPOP2019,wohnflaeche
50,39.1,2019,GWS-STATPOP2019,wohnflaeche
51,40.0,2019,GWS-STATPOP2019,wohnflaeche
52,41.0,2019,GWS-STATPOP2019,wohnflaeche
53,41.7,2019,GWS-STATPOP2019,wohnflaeche
54,42.8,2019,GWS-STATPOP2019,wohnflaeche
55,44.0,2019,GWS-STATPOP2019,wohnflaeche
56,45.2,2019,GWS-STATPOP2019,wohnflaeche
57,46.4,2019,GWS-STATPOP2019,wohnflaeche
58,47.7,2019,GWS-STATPOP2019,wohnflaeche
59,48.5,2019,GWS-STATPOP2019,wohnflaeche
60,49.8,2019,GWS-STATPOP2019,wohnflaeche
61,51.0,2019,GWS-STATPOP2019,wohnflaeche
62,52.3,2019,GWS-STATPOP2019,wohnflaeche
63,52.9,2019,GWS-STATPOP2019,wohnflaeche
64,53.4,2019,GWS-STATPOP2019,wohnflaeche
65,54.3,2019,GWS-STATPOP2019,wohnflaeche
66,55.2,2019,GWS-STATPOP2019,wohnflaeche
67,55.9,2019,GWS-STATPOP2019,wohnflaeche
68,56.8,2019,GWS-STATPOP2019,wohnflaeche
69,56.7,2019,GWS-STATPOP2019,wohnflaeche
70,57.3,2019,GWS-STATPOP2019,wohnflaeche
71,57.8,2019,GWS-STATPOP2019,wohnflaeche
72,58.3,2019,GWS-STATPOP2019,wohnflaeche
73,58.6,2019,GWS-STATPOP2019,wohnflaeche
74,58.8,2019,GWS-STATPOP2019,wohnflaeche
75,59.0,2019,GWS-STATPOP2019,wohnflaeche
76,59.0,2019,GWS-STATPOP2019,wohnflaeche
77,59.3,2019,GWS-STATPOP2019,wohnflaeche
78,59.5,2019,GWS-STATPOP2019,wohnflaeche
79,59.0,2019,GWS-STATPOP2019,wohnflaeche
80,59.4,2019,GWS-STATPOP2019,wohnflaeche
81,59.5,2019,GWS-STATPOP2019,wohnflaeche
82,59.6,2019,GWS-STATPOP2019,wohnflaeche
83,59.9,2019,GWS-STATPOP2019,wohnflaeche
84,60.2,2019,GWS-STATPOP2019,wohnflaeche
85,60.8,2019,GWS-STATPOP2019,wohnflaeche
86,61.1,2019,GWS-STATPOP2019,wohnflaeche
87,62.1,2019,GWS-STATPOP2019,wohnflaeche
88,62.8,2019,GWS-STATPOP2019,wohnflaeche
89,63.1,2019,GWS-STATPOP2019,wohnflaeche
90,64.5,2019,GWS-STATPOP2019,wohnflaeche
91,64.8,2019,GWS-STATPOP2019,wohnflaeche
92,64.3,2019,GWS-STATPOP2019,wohnflaeche
93,66.3,2019,GWS-STATPOP2019,wohnflaeche
94,65.8,2019,GWS-STATPOP2019,wohnflaeche
95,64.3,2019,GWS-STATPOP2019,wohnflaeche
96,64.2,2019,GWS-STATPOP2019,wohnflaeche
97,65.9,2019,GWS-STATPOP2019,wohnflaeche
98,64.3,2019,GWS-STATPOP2019,wohnflaeche
99,63.3,2019,GWS-STATPOP2019,wohnflaeche
