year,variable_name,age_group_label,age_min,age_max,metric,value,unit,scale,notes
2010,ahv_einnahmen,<20,0,19,n_personen,158120.0,Anzahl,count,nur_arbeitnehmende
2010,ahv_einnahmen,<20,0,19,sum_einkommen,1905575775.0,CHF,chf,nur_arbeitnehmende
2010,ahv_einnahmen,<20,0,19,sum_beitrag_ahv,160068365.1,CHF,chf,nur_arbeitnehmende
2010,ahv_einnahmen,20-24,20,24,n_personen,481118.0,Anzahl,count,nur_arbeitnehmende
2010,ahv_einnahmen,20-24,20,24,sum_einkommen,14569121779.0,CHF,chf,nur_arbeitnehmende
2010,ahv_einnahmen,20-24,20,24,sum_beitrag_ahv,1223806229.436,CHF,chf,nur_arbeitnehmende
2010,ahv_einnahmen,25-29,25,29,n_personen,546152.0,Anzahl,count,nur_arbeitnehmende
2010,ahv_einnahmen,25-29,25,29,sum_einkommen,27173543077.0,CHF,chf,nur_arbeitnehmende
2010,ahv_einnahmen,25-29,25,29,sum_beitrag_ahv,2282577618.468,CHF,chf,nur_arbeitnehmende
2010,ahv_einnahmen,30-34,30,34,n_personen,537285.0,Anzahl,count,nur_arbeitnehmende
2010,ahv_einnahmen,30-34,30,34,sum_einkommen,33734933656.0,CHF,chf,nur_arbeitnehmende
2010,ahv_einnahmen,30-34,30,34,sum_beitrag_ahv,2833734427.104,CHF,chf,nur_arbeitnehmende
2010,ahv_einnahmen,35-39,35,39,n_personen,535514.0,Anzahl,count,nur_arbeitnehmende
2010,ahv_einnahmen,35-39,35,39,sum_einkommen,38513331475.0,CHF,chf,nur_arbeitnehmende
2010,ahv_einnahmen,35-39,35,39,sum_beitrag_ahv,3235119843.9,CHF,chf,nur_arbeitnehmende
2010,ahv_einnahmen,40-44,40,44,n_personen,590812.0,Anzahl,count,nur_arbeitnehmende
2010,ahv_einnahmen,40-44,40,44,sum_einkommen,45776989188.0,CHF,chf,nur_arbeitnehmende
2010,ahv_einnahmen,40-44,40,44,sum_beitrag_ahv,3845267091.792,CHF,chf,nur_arbeitnehmende
2010,ahv_einnahmen,45-49,45,49,n_personen,590934.0,Anzahl,count,nur_arbeitnehmende
2010,ahv_einnahmen,45-49,45,49,sum_einkommen,47578222110.0,CHF,chf,nur_arbeitnehmende
2010,ahv_einnahmen,45-49,45,49,sum_beitrag_ahv,3996570657.24,CHF,chf,nur_arbeitnehmende
2010,ahv_einnahmen,50-54,50,54,n_personen,486207.0,Anzahl,count,nur_arbeitnehmende
2010,ahv_einnahmen,50-54,50,54,sum_einkommen,39444066267.0,CHF,chf,nur_arbeitnehmende
2010,ahv_einnahmen,50-54,50,54,sum_beitrag_ahv,3313301566.428,CHF,chf,nur_arbeitnehmende
2010,ahv_einnahmen,55-59,55,59,n_personen,383831.0,Anzahl,count,nur_arbeitnehmende
2010,ahv_einnahmen,55-59,55,59,sum_einkommen,30649792066.0,CHF,chf,nur_arbeitnehmende
2010,ahv_einnahmen,55-59,55,59,sum_beitrag_ahv,2574582533.544,CHF,chf,nur_arbeitnehmende
2010,ahv_einnahmen,60-64,60,64,n_personen,279003.0,Anzahl,count,nur_arbeitnehmende
2010,ahv_einnahmen,60-64,60,64,sum_einkommen,19010152419.0,CHF,chf,nur_arbeitnehmende
2010,ahv_einnahmen,60-64,60,64,sum_beitrag_ahv,1596852803.196,CHF,chf,nur_arbeitnehmende
2010,ahv_einnahmen,65-69,65,69,n_personen,49571.0,Anzahl,count,nur_arbeitnehmende
2010,ahv_einnahmen,65-69,65,69,sum_einkommen,2331827361.0,CHF,chf,nur_arbeitnehmende
2010,ahv_einnahmen,65-69,65,69,sum_beitrag_ahv,195873498.324,CHF,chf,nur_arbeitnehmende
2010,ahv_einnahmen,70-74,70,74,n_personen,9392.0,Anzahl,count,nur_arbeitnehmende
2010,ahv_einnahmen,70-74,70,74,sum_einkommen,436166036.0,CHF,chf,nur_arbeitnehmende
2010,ahv_einnahmen,70-74,70,74,sum_beitrag_ahv,36637947.024,CHF,chf,nur_arbeitnehmende
2010,ahv_einnahmen,75+,75,100,n_personen,4749.0,Anzahl,count,nur_arbeitnehmende
2010,ahv_einnahmen,75+,75,100,sum_einkommen,243449009.0,CHF,chf,nur_arbeitnehmende
2010,ahv_einnahmen,75+,75,100,sum_beitrag_ahv,20449716.756,CHF,chf,nur_arbeitnehmende
2011,ahv_einnahmen,<20,0,19,n_personen,155191.0,Anzahl,count,nur_arbeitnehmende
2011,ahv_einnahmen,<20,0,19,sum_einkommen,1902669341.0,CHF,chf,nur_arbeitnehmende
2011,ahv_einnahmen,<20,0,19,sum_beitrag_ahv,159824224.644,CHF,chf,nur_arbeitnehmende
2011,ahv_einnahmen,20-24,20,24,n_personen,490774.0,Anzahl,count,nur_arbeitnehmende
2011,ahv_einnahmen,20-24,20,24,sum_einkommen,14822951098.0,CHF,chf,nur_arbeitnehmende
2011,ahv_einnahmen,20-24,20,24,sum_beitrag_ahv,1245127892.232,CHF,chf,nur_arbeitnehmende
2011,ahv_einnahmen,25-29,25,29,n_personen,557469.0,Anzahl,count,nur_arbeitnehmende
2011,ahv_einnahmen,25-29,25,29,sum_einkommen,27883546610.0,CHF,chf,nur_arbeitnehmende
2011,ahv_einnahmen,25-29,25,29,sum_beitrag_ahv,2342217915.24,CHF,chf,nur_arbeitnehmende
2011,ahv_einnahmen,30-34,30,34,n_personen,555617.0,Anzahl,count,nur_arbeitnehmende
2011,ahv_einnahmen,30-34,30,34,sum_einkommen,35016736320.0,CHF,chf,nur_arbeitnehmende
2011,ahv_einnahmen,30-34,30,34,sum_beitrag_ahv,2941405850.88,CHF,chf,nur_arbeitnehmende
2011,ahv_einnahmen,35-39,35,39,n_personen,536678.0,Anzahl,count,nur_arbeitnehmende
2011,ahv_einnahmen,35-39,35,39,sum_einkommen,38713013706.0,CHF,chf,nur_arbeitnehmende
2011,ahv_einnahmen,35-39,35,39,sum_beitrag_ahv,3251893151.304,CHF,chf,nur_arbeitnehmende
2011,ahv_einnahmen,40-44,40,44,n_personen,588074.0,Anzahl,count,nur_arbeitnehmende
2011,ahv_einnahmen,40-44,40,44,sum_einkommen,46094940057.0,CHF,chf,nur_arbeitnehmende
2011,ahv_einnahmen,40-44,40,44,sum_beitrag_ahv,3871974964.788,CHF,chf,nur_arbeitnehmende
2011,ahv_einnahmen,45-49,45,49,n_personen,608470.0,Anzahl,count,nur_arbeitnehmende
2011,ahv_einnahmen,45-49,45,49,sum_einkommen,49514360460.0,CHF,chf,nur_arbeitnehmende
2011,ahv_einnahmen,45-49,45,49,sum_beitrag_ahv,4159206278.64,CHF,chf,nur_arbeitnehmende
2011,ahv_einnahmen,50-54,50,54,n_personen,506389.0,Anzahl,count,nur_arbeitnehmende
2011,ahv_einnahmen,50-54,50,54,sum_einkommen,41651930485.0,CHF,chf,nur_arbeitnehmende
2011,ahv_einnahmen,50-54,50,54,sum_beitrag_ahv,3498762160.74,CHF,chf,nur_arbeitnehmende
2011,ahv_einnahmen,55-59,55,59,n_personen,398156.0,Anzahl,count,nur_arbeitnehmende
2011,ahv_einnahmen,55-59,55,59,sum_einkommen,32154391264.0,CHF,chf,nur_arbeitnehmende
2011,ahv_einnahmen,55-59,55,59,sum_beitrag_ahv,2700968866.176,CHF,chf,nur_arbeitnehmende
2011,ahv_einnahmen,60-64,60,64,n_personen,282427.0,Anzahl,count,nur_arbeitnehmende
2011,ahv_einnahmen,60-64,60,64,sum_einkommen,19530730142.0,CHF,chf,nur_arbeitnehmende
2011,ahv_einnahmen,60-64,60,64,sum_beitrag_ahv,1640581331.928,CHF,chf,nur_arbeitnehmende
2011,ahv_einnahmen,65-69,65,69,n_personen,52104.0,Anzahl,count,nur_arbeitnehmende
2011,ahv_einnahmen,65-69,65,69,sum_einkommen,2463640603.0,CHF,chf,nur_arbeitnehmende
2011,ahv_einnahmen,65-69,65,69,sum_beitrag_ahv,206945810.652,CHF,chf,nur_arbeitnehmende
2011,ahv_einnahmen,70-74,70,74,n_personen,10241.0,Anzahl,count,nur_arbeitnehmende
2011,ahv_einnahmen,70-74,70,74,sum_einkommen,486946104.0,CHF,chf,nur_arbeitnehmende
2011,ahv_einnahmen,70-74,70,74,sum_beitrag_ahv,40903472.736,CHF,chf,nur_arbeitnehmende
2011,ahv_einnahmen,75+,75,100,n_personen,5037.0,Anzahl,count,nur_arbeitnehmende
2011,ahv_einnahmen,75+,75,100,sum_einkommen,258721939.0,CHF,chf,nur_arbeitnehmende
2011,ahv_einnahmen,75+,75,100,sum_beitrag_ahv,21732642.876,CHF,chf,nur_arbeitnehmende
2012,ahv_einnahmen,<20,0,19,n_personen,150386.0,Anzahl,count,nur_arbeitnehmende
2012,ahv_einnahmen,<20,0,19,sum_einkommen,1850369857.0,CHF,chf,nur_arbeitnehmende
2012,ahv_einnahmen,<20,0,19,sum_beitrag_ahv,155431067.988,CHF,chf,nur_arbeitnehmende
2012,ahv_einnahmen,20-24,20,24,n_personen,494504.0,Anzahl,count,nur_arbeitnehmende
2012,ahv_einnahmen,20-24,20,24,sum_einkommen,14942377042.0,CHF,chf,nur_arbeitnehmende
2012,ahv_einnahmen,20-24,20,24,sum_beitrag_ahv,1255159671.528,CHF,chf,nur_arbeitnehmende
2012,ahv_einnahmen,25-29,25,29,n_personen,562720.0,Anzahl,count,nur_arbeitnehmende
2012,ahv_einnahmen,25-29,25,29,sum_einkommen,28204722459.0,CHF,chf,nur_arbeitnehmende
2012,ahv_einnahmen,25-29,25,29,sum_beitrag_ahv,2369196686.556,CHF,chf,nur_arbeitnehmende
2012,ahv_einnahmen,30-34,30,34,n_personen,570813.0,Anzahl,count,nur_arbeitnehmende
2012,ahv_einnahmen,30-34,30,34,sum_einkommen,35915344775.0,CHF,chf,nur_arbeitnehmende
2012,ahv_einnahmen,30-34,30,34,sum_beitrag_ahv,3016888961.1,CHF,chf,nur_arbeitnehmende
2012,ahv_einnahmen,35-39,35,39,n_personen,540816.0,Anzahl,count,nur_arbeitnehmende
2012,ahv_einnahmen,35-39,35,39,sum_einkommen,38938415473.0,CHF,chf,nur_arbeitnehmende
2012,ahv_einnahmen,35-39,35,39,sum_beitrag_ahv,3270826899.732,CHF,chf,nur_arbeitnehmende
2012,ahv_einnahmen,40-44,40,44,n_personen,582859.0,Anzahl,count,nur_arbeitnehmende
2012,ahv_einnahmen,40-44,40,44,sum_einkommen,45833724855.0,CHF,chf,nur_arbeitnehmende
2012,ahv_einnahmen,40-44,40,44,sum_beitrag_ahv,3850032887.82,CHF,chf,nur_arbeitnehmende
2012,ahv_einnahmen,45-49,45,49,n_personen,617444.0,Anzahl,count,nur_arbeitnehmende
2012,ahv_einnahmen,45-49,45,49,sum_einkommen,50728386103.0,CHF,chf,nur_arbeitnehmende
2012,ahv_einnahmen,45-49,45,49,sum_beitrag_ahv,4261184432.652,CHF,chf,nur_arbeitnehmende
2012,ahv_einnahmen,50-54,50,54,n_personen,525724.0,Anzahl,count,nur_arbeitnehmende
2012,ahv_einnahmen,50-54,50,54,sum_einkommen,43301264053.0,CHF,chf,nur_arbeitnehmende
2012,ahv_einnahmen,50-54,50,54,sum_beitrag_ahv,3637306180.452,CHF,chf,nur_arbeitnehmende
2012,ahv_einnahmen,55-59,55,59,n_personen,411953.0,Anzahl,count,nur_arbeitnehmende
2012,ahv_einnahmen,55-59,55,59,sum_einkommen,33722877883.0,CHF,chf,nur_arbeitnehmende
2012,ahv_einnahmen,55-59,55,59,sum_beitrag_ahv,2832721742.172,CHF,chf,nur_arbeitnehmende
2012,ahv_einnahmen,60-64,60,64,n_personen,285236.0,Anzahl,count,nur_arbeitnehmende
2012,ahv_einnahmen,60-64,60,64,sum_einkommen,20162922639.0,CHF,chf,nur_arbeitnehmende
2012,ahv_einnahmen,60-64,60,64,sum_beitrag_ahv,1693685501.676,CHF,chf,nur_arbeitnehmende
2012,ahv_einnahmen,65-69,65,69,n_personen,52808.0,Anzahl,count,nur_arbeitnehmende
2012,ahv_einnahmen,65-69,65,69,sum_einkommen,2532672865.0,CHF,chf,nur_arbeitnehmende
2012,ahv_einnahmen,65-69,65,69,sum_beitrag_ahv,212744520.66,CHF,chf,nur_arbeitnehmende
2012,ahv_einnahmen,70-74,70,74,n_personen,11032.0,Anzahl,count,nur_arbeitnehmende
2012,ahv_einnahmen,70-74,70,74,sum_einkommen,506302171.0,CHF,chf,nur_arbeitnehmende
2012,ahv_einnahmen,70-74,70,74,sum_beitrag_ahv,42529382.364,CHF,chf,nur_arbeitnehmende
2012,ahv_einnahmen,75+,75,100,n_personen,5243.0,Anzahl,count,nur_arbeitnehmende
2012,ahv_einnahmen,75+,75,100,sum_einkommen,279104234.0,CHF,chf,nur_arbeitnehmende
2012,ahv_einnahmen,75+,75,100,sum_beitrag_ahv,23444755.656,CHF,chf,nur_arbeitnehmende
2013,ahv_einnahmen,<20,0,19,n_personen,147894.0,Anzahl,count,nur_arbeitnehmende
2013,ahv_einnahmen,<20,0,19,sum_einkommen,1830570990.0,CHF,chf,nur_arbeitnehmende
2013,ahv_einnahmen,<20,0,19,sum_beitrag_ahv,153767963.16,CHF,chf,nur_arbeitnehmende
2013,ahv_einnahmen,20-24,20,24,n_personen,493078.0,Anzahl,count,nur_arbeitnehmende
2013,ahv_einnahmen,20-24,20,24,sum_einkommen,14870201831.0,CHF,chf,nur_arbeitnehmende
2013,ahv_einnahmen,20-24,20,24,sum_beitrag_ahv,1249096953.804,CHF,chf,nur_arbeitnehmende
2013,ahv_einnahmen,25-29,25,29,n_personen,576539.0,Anzahl,count,nur_arbeitnehmende
2013,ahv_einnahmen,25-29,25,29,sum_einkommen,28699358644.0,CHF,chf,nur_arbeitnehmende
2013,ahv_einnahmen,25-29,25,29,sum_beitrag_ahv,2410746126.096,CHF,chf,nur_arbeitnehmende
2013,ahv_einnahmen,30-34,30,34,n_personen,585989.0,Anzahl,count,nur_arbeitnehmende
2013,ahv_einnahmen,30-34,30,34,sum_einkommen,36830336626.0,CHF,chf,nur_arbeitnehmende
2013,ahv_einnahmen,30-34,30,34,sum_beitrag_ahv,3093748276.584,CHF,chf,nur_arbeitnehmende
2013,ahv_einnahmen,35-39,35,39,n_personen,549460.0,Anzahl,count,nur_arbeitnehmende
2013,ahv_einnahmen,35-39,35,39,sum_einkommen,39389702709.0,CHF,chf,nur_arbeitnehmende
2013,ahv_einnahmen,35-39,35,39,sum_beitrag_ahv,3308735027.556,CHF,chf,nur_arbeitnehmende
2013,ahv_einnahmen,40-44,40,44,n_personen,577480.0,Anzahl,count,nur_arbeitnehmende
2013,ahv_einnahmen,40-44,40,44,sum_einkommen,45489388033.0,CHF,chf,nur_arbeitnehmende
2013,ahv_einnahmen,40-44,40,44,sum_beitrag_ahv,3821108594.772,CHF,chf,nur_arbeitnehmende
2013,ahv_einnahmen,45-49,45,49,n_personen,622671.0,Anzahl,count,nur_arbeitnehmende
2013,ahv_einnahmen,45-49,45,49,sum_einkommen,51410042850.0,CHF,chf,nur_arbeitnehmende
2013,ahv_einnahmen,45-49,45,49,sum_beitrag_ahv,4318443599.4,CHF,chf,nur_arbeitnehmende
2013,ahv_einnahmen,50-54,50,54,n_personen,549788.0,Anzahl,count,nur_arbeitnehmende
2013,ahv_einnahmen,50-54,50,54,sum_einkommen,45647710910.0,CHF,chf,nur_arbeitnehmende
2013,ahv_einnahmen,50-54,50,54,sum_beitrag_ahv,3834407716.44,CHF,chf,nur_arbeitnehmende
2013,ahv_einnahmen,55-59,55,59,n_personen,429201.0,Anzahl,count,nur_arbeitnehmende
2013,ahv_einnahmen,55-59,55,59,sum_einkommen,35452599455.0,CHF,chf,nur_arbeitnehmende
2013,ahv_einnahmen,55-59,55,59,sum_beitrag_ahv,2978018354.22,CHF,chf,nur_arbeitnehmende
2013,ahv_einnahmen,60-64,60,64,n_personen,292580.0,Anzahl,count,nur_arbeitnehmende
2013,ahv_einnahmen,60-64,60,64,sum_einkommen,21162216896.0,CHF,chf,nur_arbeitnehmende
2013,ahv_einnahmen,60-64,60,64,sum_beitrag_ahv,1777626219.264,CHF,chf,nur_arbeitnehmende
2013,ahv_einnahmen,65-69,65,69,n_personen,59656.0,Anzahl,count,nur_arbeitnehmende
2013,ahv_einnahmen,65-69,65,69,sum_einkommen,2937515487.0,CHF,chf,nur_arbeitnehmende
2013,ahv_einnahmen,65-69,65,69,sum_beitrag_ahv,246751300.908,CHF,chf,nur_arbeitnehmende
2013,ahv_einnahmen,70-74,70,74,n_personen,13454.0,Anzahl,count,nur_arbeitnehmende
2013,ahv_einnahmen,70-74,70,74,sum_einkommen,597334112.0,CHF,chf,nur_arbeitnehmende
2013,ahv_einnahmen,70-74,70,74,sum_beitrag_ahv,50176065.408,CHF,chf,nur_arbeitnehmende
2013,ahv_einnahmen,75+,75,100,n_personen,6231.0,Anzahl,count,nur_arbeitnehmende
2013,ahv_einnahmen,75+,75,100,sum_einkommen,317830822.0,CHF,chf,nur_arbeitnehmende
2013,ahv_einnahmen,75+,75,100,sum_beitrag_ahv,26697789.048,CHF,chf,nur_arbeitnehmende
2014,ahv_einnahmen,<20,0,19,n_personen,148068.0,Anzahl,count,nur_arbeitnehmende
2014,ahv_einnahmen,<20,0,19,sum_einkommen,1837132613.0,CHF,chf,nur_arbeitnehmende
2014,ahv_einnahmen,<20,0,19,sum_beitrag_ahv,154319139.492,CHF,chf,nur_arbeitnehmende
2014,ahv_einnahmen,20-24,20,24,n_personen,491098.0,Anzahl,count,nur_arbeitnehmende
2014,ahv_einnahmen,20-24,20,24,sum_einkommen,14831162672.0,CHF,chf,nur_arbeitnehmende
2014,ahv_einnahmen,20-24,20,24,sum_beitrag_ahv,1245817664.448,CHF,chf,nur_arbeitnehmende
2014,ahv_einnahmen,25-29,25,29,n_personen,583882.0,Anzahl,count,nur_arbeitnehmende
2014,ahv_einnahmen,25-29,25,29,sum_einkommen,29101046330.0,CHF,chf,nur_arbeitnehmende
2014,ahv_einnahmen,25-29,25,29,sum_beitrag_ahv,2444487891.72,CHF,chf,nur_arbeitnehmende
2014,ahv_einnahmen,30-34,30,34,n_personen,598430.0,Anzahl,count,nur_arbeitnehmende
2014,ahv_einnahmen,30-34,30,34,sum_einkommen,37649098353.0,CHF,chf,nur_arbeitnehmende
2014,ahv_einnahmen,30-34,30,34,sum_beitrag_ahv,3162524261.652,CHF,chf,nur_arbeitnehmende
2014,ahv_einnahmen,35-39,35,39,n_personen,558165.0,Anzahl,count,nur_arbeitnehmende
2014,ahv_einnahmen,35-39,35,39,sum_einkommen,39994660309.0,CHF,chf,nur_arbeitnehmende
2014,ahv_einnahmen,35-39,35,39,sum_beitrag_ahv,3359551465.956,CHF,chf,nur_arbeitnehmende
2014,ahv_einnahmen,40-44,40,44,n_personen,572602.0,Anzahl,count,nur_arbeitnehmende
2014,ahv_einnahmen,40-44,40,44,sum_einkommen,45481641481.0,CHF,chf,nur_arbeitnehmende
2014,ahv_einnahmen,40-44,40,44,sum_beitrag_ahv,3820457884.404,CHF,chf,nur_arbeitnehmende
2014,ahv_einnahmen,45-49,45,49,n_personen,620386.0,Anzahl,count,nur_arbeitnehmende
2014,ahv_einnahmen,45-49,45,49,sum_einkommen,51660749075.0,CHF,chf,nur_arbeitnehmende
2014,ahv_einnahmen,45-49,45,49,sum_beitrag_ahv,4339502922.3,CHF,chf,nur_arbeitnehmende
2014,ahv_einnahmen,50-54,50,54,n_personen,573480.0,Anzahl,count,nur_arbeitnehmende
2014,ahv_einnahmen,50-54,50,54,sum_einkommen,48239917601.0,CHF,chf,nur_arbeitnehmende
2014,ahv_einnahmen,50-54,50,54,sum_beitrag_ahv,4052153078.484,CHF,chf,nur_arbeitnehmende
2014,ahv_einnahmen,55-59,55,59,n_personen,446848.0,Anzahl,count,nur_arbeitnehmende
2014,ahv_einnahmen,55-59,55,59,sum_einkommen,37290220930.0,CHF,chf,nur_arbeitnehmende
2014,ahv_einnahmen,55-59,55,59,sum_beitrag_ahv,3132378558.12,CHF,chf,nur_arbeitnehmende
2014,ahv_einnahmen,60-64,60,64,n_personen,299635.0,Anzahl,count,nur_arbeitnehmende
2014,ahv_einnahmen,60-64,60,64,sum_einkommen,21626130729.0,CHF,chf,nur_arbeitnehmende
2014,ahv_einnahmen,60-64,60,64,sum_beitrag_ahv,1816594981.236,CHF,chf,nur_arbeitnehmende
2014,ahv_einnahmen,65-69,65,69,n_personen,61206.0,Anzahl,count,nur_arbeitnehmende
2014,ahv_einnahmen,65-69,65,69,sum_einkommen,3012398954.0,CHF,chf,nur_arbeitnehmende
2014,ahv_einnahmen,65-69,65,69,sum_beitrag_ahv,253041512.136,CHF,chf,nur_arbeitnehmende
2014,ahv_einnahmen,70-74,70,74,n_personen,14520.0,Anzahl,count,nur_arbeitnehmende
2014,ahv_einnahmen,70-74,70,74,sum_einkommen,651379647.0,CHF,chf,nur_arbeitnehmende
2014,ahv_einnahmen,70-74,70,74,sum_beitrag_ahv,54715890.348,CHF,chf,nur_arbeitnehmende
2014,ahv_einnahmen,75+,75,100,n_personen,6573.0,Anzahl,count,nur_arbeitnehmende
2014,ahv_einnahmen,75+,75,100,sum_einkommen,317287086.0,CHF,chf,nur_arbeitnehmende
2014,ahv_einnahmen,75+,75,100,sum_beitrag_ahv,26652115.224,CHF,chf,nur_arbeitnehmende
2015,ahv_einnahmen,<20,0,19,n_personen,145869.0,Anzahl,count,nur_arbeitnehmende
2015,ahv_einnahmen,<20,0,19,sum_einkommen,1830616874.0,CHF,chf,nur_arbeitnehmende
2015,ahv_einnahmen,<20,0,19,sum_beitrag_ahv,153771817.416,CHF,chf,nur_arbeitnehmende
2015,ahv_einnahmen,20-24,20,24,n_personen,482590.0,Anzahl,count,nur_arbeitnehmende
2015,ahv_einnahmen,20-24,20,24,sum_einkommen,14458308457.0,CHF,chf,nur_arbeitnehmende
2015,ahv_einnahmen,20-24,20,24,sum_beitrag_ahv,1214497910.388,CHF,chf,nur_arbeitnehmende
2015,ahv_einnahmen,25-29,25,29,n_personen,590831.0,Anzahl,count,nur_arbeitnehmende
2015,ahv_einnahmen,25-29,25,29,sum_einkommen,29382074802.0,CHF,chf,nur_arbeitnehmende
2015,ahv_einnahmen,25-29,25,29,sum_beitrag_ahv,2468094283.368,CHF,chf,nur_arbeitnehmende
2015,ahv_einnahmen,30-34,30,34,n_personen,604519.0,Anzahl,count,nur_arbeitnehmende
2015,ahv_einnahmen,30-34,30,34,sum_einkommen,38044115301.0,CHF,chf,nur_arbeitnehmende
2015,ahv_einnahmen,30-34,30,34,sum_beitrag_ahv,3195705685.284,CHF,chf,nur_arbeitnehmende
2015,ahv_einnahmen,35-39,35,39,n_personen,571810.0,Anzahl,count,nur_arbeitnehmende
2015,ahv_einnahmen,35-39,35,39,sum_einkommen,40846962846.0,CHF,chf,nur_arbeitnehmende
2015,ahv_einnahmen,35-39,35,39,sum_beitrag_ahv,3431144879.064,CHF,chf,nur_arbeitnehmende
2015,ahv_einnahmen,40-44,40,44,n_personen,567568.0,Anzahl,count,nur_arbeitnehmende
2015,ahv_einnahmen,40-44,40,44,sum_einkommen,44975885572.0,CHF,chf,nur_arbeitnehmende
2015,ahv_einnahmen,40-44,40,44,sum_beitrag_ahv,3777974388.048,CHF,chf,nur_arbeitnehmende
2015,ahv_einnahmen,45-49,45,49,n_personen,614512.0,Anzahl,count,nur_arbeitnehmende
2015,ahv_einnahmen,45-49,45,49,sum_einkommen,51377870740.0,CHF,chf,nur_arbeitnehmende
2015,ahv_einnahmen,45-49,45,49,sum_beitrag_ahv,4315741142.16,CHF,chf,nur_arbeitnehmende
2015,ahv_einnahmen,50-54,50,54,n_personen,592152.0,Anzahl,count,nur_arbeitnehmende
2015,ahv_einnahmen,50-54,50,54,sum_einkommen,50238049844.0,CHF,chf,nur_arbeitnehmende
2015,ahv_einnahmen,50-54,50,54,sum_beitrag_ahv,4219996186.896,CHF,chf,nur_arbeitnehmende
2015,ahv_einnahmen,55-59,55,59,n_personen,464479.0,Anzahl,count,nur_arbeitnehmende
2015,ahv_einnahmen,55-59,55,59,sum_einkommen,38912526518.0,CHF,chf,nur_arbeitnehmende
2015,ahv_einnahmen,55-59,55,59,sum_beitrag_ahv,3268652227.512,CHF,chf,nur_arbeitnehmende
2015,ahv_einnahmen,60-64,60,64,n_personen,309160.0,Anzahl,count,nur_arbeitnehmende
2015,ahv_einnahmen,60-64,60,64,sum_einkommen,22356280004.0,CHF,chf,nur_arbeitnehmende
2015,ahv_einnahmen,60-64,60,64,sum_beitrag_ahv,1877927520.336,CHF,chf,nur_arbeitnehmende
2015,ahv_einnahmen,65-69,65,69,n_personen,63929.0,Anzahl,count,nur_arbeitnehmende
2015,ahv_einnahmen,65-69,65,69,sum_einkommen,3032023506.0,CHF,chf,nur_arbeitnehmende
2015,ahv_einnahmen,65-69,65,69,sum_beitrag_ahv,254689974.504,CHF,chf,nur_arbeitnehmende
2015,ahv_einnahmen,70-74,70,74,n_personen,15257.0,Anzahl,count,nur_arbeitnehmende
2015,ahv_einnahmen,70-74,70,74,sum_einkommen,679878406.0,CHF,chf,nur_arbeitnehmende
2015,ahv_einnahmen,70-74,70,74,sum_beitrag_ahv,57109786.104,CHF,chf,nur_arbeitnehmende
2015,ahv_einnahmen,75+,75,100,n_personen,6885.0,Anzahl,count,nur_arbeitnehmende
2015,ahv_einnahmen,75+,75,100,sum_einkommen,326116216.0,CHF,chf,nur_arbeitnehmende
2015,ahv_einnahmen,75+,75,100,sum_beitrag_ahv,27393762.144,CHF,chf,nur_arbeitnehmende
2016,ahv_einnahmen,<20,0,19,n_personen,143156.0,Anzahl,count,nur_arbeitnehmende
2016,ahv_einnahmen,<20,0,19,sum_einkommen,1798665087.0,CHF,chf,nur_arbeitnehmende
2016,ahv_einnahmen,<20,0,19,sum_beitrag_ahv,151087867.308,CHF,chf,nur_arbeitnehmende
2016,ahv_einnahmen,20-24,20,24,n_personen,475353.0,Anzahl,count,nur_arbeitnehmende
2016,ahv_einnahmen,20-24,20,24,sum_einkommen,14049075358.0,CHF,chf,nur_arbeitnehmende
2016,ahv_einnahmen,20-24,20,24,sum_beitrag_ahv,1180122330.072,CHF,chf,nur_arbeitnehmende
2016,ahv_einnahmen,25-29,25,29,n_personen,596165.0,Anzahl,count,nur_arbeitnehmende
2016,ahv_einnahmen,25-29,25,29,sum_einkommen,29494330980.0,CHF,chf,nur_arbeitnehmende
2016,ahv_einnahmen,25-29,25,29,sum_beitrag_ahv,2477523802.32,CHF,chf,nur_arbeitnehmende
2016,ahv_einnahmen,30-34,30,34,n_personen,609801.0,Anzahl,count,nur_arbeitnehmende
2016,ahv_einnahmen,30-34,30,34,sum_einkommen,38347082660.0,CHF,chf,nur_arbeitnehmende
2016,ahv_einnahmen,30-34,30,34,sum_beitrag_ahv,3221154943.44,CHF,chf,nur_arbeitnehmende
2016,ahv_einnahmen,35-39,35,39,n_personen,583364.0,Anzahl,count,nur_arbeitnehmende
2016,ahv_einnahmen,35-39,35,39,sum_einkommen,41501066068.0,CHF,chf,nur_arbeitnehmende
2016,ahv_einnahmen,35-39,35,39,sum_beitrag_ahv,3486089549.712,CHF,chf,nur_arbeitnehmende
2016,ahv_einnahmen,40-44,40,44,n_personen,563790.0,Anzahl,count,nur_arbeitnehmende
2016,ahv_einnahmen,40-44,40,44,sum_einkommen,44618774742.0,CHF,chf,nur_arbeitnehmende
2016,ahv_einnahmen,40-44,40,44,sum_beitrag_ahv,3747977078.328,CHF,chf,nur_arbeitnehmende
2016,ahv_einnahmen,45-49,45,49,n_personen,607005.0,Anzahl,count,nur_arbeitnehmende
2016,ahv_einnahmen,45-49,45,49,sum_einkommen,50853847600.0,CHF,chf,nur_arbeitnehmende
2016,ahv_einnahmen,45-49,45,49,sum_beitrag_ahv,4271723198.4,CHF,chf,nur_arbeitnehmende
2016,ahv_einnahmen,50-54,50,54,n_personen,605396.0,Anzahl,count,nur_arbeitnehmende
2016,ahv_einnahmen,50-54,50,54,sum_einkommen,51524422632.0,CHF,chf,nur_arbeitnehmende
2016,ahv_einnahmen,50-54,50,54,sum_beitrag_ahv,4328051501.088,CHF,chf,nur_arbeitnehmende
2016,ahv_einnahmen,55-59,55,59,n_personen,482076.0,Anzahl,count,nur_arbeitnehmende
2016,ahv_einnahmen,55-59,55,59,sum_einkommen,40522157507.0,CHF,chf,nur_arbeitnehmende
2016,ahv_einnahmen,55-59,55,59,sum_beitrag_ahv,3403861230.588,CHF,chf,nur_arbeitnehmende
2016,ahv_einnahmen,60-64,60,64,n_personen,320351.0,Anzahl,count,nur_arbeitnehmende
2016,ahv_einnahmen,60-64,60,64,sum_einkommen,23502929835.0,CHF,chf,nur_arbeitnehmende
2016,ahv_einnahmen,60-64,60,64,sum_beitrag_ahv,1974246106.14,CHF,chf,nur_arbeitnehmende
2016,ahv_einnahmen,65-69,65,69,n_personen,63045.0,Anzahl,count,nur_arbeitnehmende
2016,ahv_einnahmen,65-69,65,69,sum_einkommen,3010422141.0,CHF,chf,nur_arbeitnehmende
2016,ahv_einnahmen,65-69,65,69,sum_beitrag_ahv,252875459.844,CHF,chf,nur_arbeitnehmende
2016,ahv_einnahmen,70-74,70,74,n_personen,15840.0,Anzahl,count,nur_arbeitnehmende
2016,ahv_einnahmen,70-74,70,74,sum_einkommen,736046802.0,CHF,chf,nur_arbeitnehmende
2016,ahv_einnahmen,70-74,70,74,sum_beitrag_ahv,61827931.368,CHF,chf,nur_arbeitnehmende
2016,ahv_einnahmen,75+,75,100,n_personen,7337.0,Anzahl,count,nur_arbeitnehmende
2016,ahv_einnahmen,75+,75,100,sum_einkommen,346898167.0,CHF,chf,nur_arbeitnehmende
2016,ahv_einnahmen,75+,75,100,sum_beitrag_ahv,29139446.028,CHF,chf,nur_arbeitnehmende
2017,ahv_einnahmen,<20,0,19,n_personen,141388.0,Anzahl,count,nur_arbeitnehmende
2017,ahv_einnahmen,<20,0,19,sum_einkommen,1782338044.0,CHF,chf,nur_arbeitnehmende
2017,ahv_einnahmen,<20,0,19,sum_beitrag_ahv,149716395.696,CHF,chf,nur_arbeitnehmende
2017,ahv_einnahmen,20-24,20,24,n_personen,469868.0,Anzahl,count,nur_arbeitnehmende
2017,ahv_einnahmen,20-24,20,24,sum_einkommen,13764115672.0,CHF,chf,nur_arbeitnehmende
2017,ahv_einnahmen,20-24,20,24,sum_beitrag_ahv,1156185716.448,CHF,chf,nur_arbeitnehmende
2017,ahv_einnahmen,25-29,25,29,n_personen,601688.0,Anzahl,count,nur_arbeitnehmende
2017,ahv_einnahmen,25-29,25,29,sum_einkommen,29717387450.0,CHF,chf,nur_arbeitnehmende
2017,ahv_einnahmen,25-29,25,29,sum_beitrag_ahv,2496260545.8,CHF,chf,nur_arbeitnehmende
2017,ahv_einnahmen,30-34,30,34,n_personen,615597.0,Anzahl,count,nur_arbeitnehmende
2017,ahv_einnahmen,30-34,30,34,sum_einkommen,38660290223.0,CHF,chf,nur_arbeitnehmende
2017,ahv_einnahmen,30-34,30,34,sum_beitrag_ahv,3247464378.732,CHF,chf,nur_arbeitnehmende
2017,ahv_einnahmen,35-39,35,39,n_personen,597034.0,Anzahl,count,nur_arbeitnehmende
2017,ahv_einnahmen,35-39,35,39,sum_einkommen,42423070223.0,CHF,chf,nur_arbeitnehmende
2017,ahv_einnahmen,35-39,35,39,sum_beitrag_ahv,3563537898.732,CHF,chf,nur_arbeitnehmende
2017,ahv_einnahmen,40-44,40,44,n_personen,565301.0,Anzahl,count,nur_arbeitnehmende
2017,ahv_einnahmen,40-44,40,44,sum_einkommen,44688752828.0,CHF,chf,nur_arbeitnehmende
2017,ahv_einnahmen,40-44,40,44,sum_beitrag_ahv,3753855237.552,CHF,chf,nur_arbeitnehmende
2017,ahv_einnahmen,45-49,45,49,n_personen,600318.0,Anzahl,count,nur_arbeitnehmende
2017,ahv_einnahmen,45-49,45,49,sum_einkommen,50706749147.0,CHF,chf,nur_arbeitnehmende
2017,ahv_einnahmen,45-49,45,49,sum_beitrag_ahv,4259366928.348,CHF,chf,nur_arbeitnehmende
2017,ahv_einnahmen,50-54,50,54,n_personen,614254.0,Anzahl,count,nur_arbeitnehmende
2017,ahv_einnahmen,50-54,50,54,sum_einkommen,52986545786.0,CHF,chf,nur_arbeitnehmende
2017,ahv_einnahmen,50-54,50,54,sum_beitrag_ahv,4450869846.024,CHF,chf,nur_arbeitnehmende
2017,ahv_einnahmen,55-59,55,59,n_personen,500186.0,Anzahl,count,nur_arbeitnehmende
2017,ahv_einnahmen,55-59,55,59,sum_einkommen,42338427005.0,CHF,chf,nur_arbeitnehmende
2017,ahv_einnahmen,55-59,55,59,sum_beitrag_ahv,3556427868.42,CHF,chf,nur_arbeitnehmende
2017,ahv_einnahmen,60-64,60,64,n_personen,332855.0,Anzahl,count,nur_arbeitnehmende
2017,ahv_einnahmen,60-64,60,64,sum_einkommen,25026278491.0,CHF,chf,nur_arbeitnehmende
2017,ahv_einnahmen,60-64,60,64,sum_beitrag_ahv,2102207393.244,CHF,chf,nur_arbeitnehmende
2017,ahv_einnahmen,65-69,65,69,n_personen,64798.0,Anzahl,count,nur_arbeitnehmende
2017,ahv_einnahmen,65-69,65,69,sum_einkommen,3240947438.0,CHF,chf,nur_arbeitnehmende
2017,ahv_einnahmen,65-69,65,69,sum_beitrag_ahv,272239584.792,CHF,chf,nur_arbeitnehmende
2017,ahv_einnahmen,70-74,70,74,n_personen,16341.0,Anzahl,count,nur_arbeitnehmende
2017,ahv_einnahmen,70-74,70,74,sum_einkommen,706784318.0,CHF,chf,nur_arbeitnehmende
2017,ahv_einnahmen,70-74,70,74,sum_beitrag_ahv,59369882.712,CHF,chf,nur_arbeitnehmende
2017,ahv_einnahmen,75+,75,100,n_personen,7806.0,Anzahl,count,nur_arbeitnehmende
2017,ahv_einnahmen,75+,75,100,sum_einkommen,371752928.0,CHF,chf,nur_arbeitnehmende
2017,ahv_einnahmen,75+,75,100,sum_beitrag_ahv,31227245.952,CHF,chf,nur_arbeitnehmende
2018,ahv_einnahmen,<20,0,19,n_personen,142220.0,Anzahl,count,nur_arbeitnehmende
2018,ahv_einnahmen,<20,0,19,sum_einkommen,1803805374.0,CHF,chf,nur_arbeitnehmende
2018,ahv_einnahmen,<20,0,19,sum_beitrag_ahv,151519651.416,CHF,chf,nur_arbeitnehmende
2018,ahv_einnahmen,20-24,20,24,n_personen,469696.0,Anzahl,count,nur_arbeitnehmende
2018,ahv_einnahmen,20-24,20,24,sum_einkommen,13811890824.0,CHF,chf,nur_arbeitnehmende
2018,ahv_einnahmen,20-24,20,24,sum_beitrag_ahv,1160198829.216,CHF,chf,nur_arbeitnehmende
2018,ahv_einnahmen,25-29,25,29,n_personen,602087.0,Anzahl,count,nur_arbeitnehmende
2018,ahv_einnahmen,25-29,25,29,sum_einkommen,29948934244.0,CHF,chf,nur_arbeitnehmende
2018,ahv_einnahmen,25-29,25,29,sum_beitrag_ahv,2515710476.496,CHF,chf,nur_arbeitnehmende
2018,ahv_einnahmen,30-34,30,34,n_personen,628238.0,Anzahl,count,nur_arbeitnehmende
2018,ahv_einnahmen,30-34,30,34,sum_einkommen,39737671047.0,CHF,chf,nur_arbeitnehmende
2018,ahv_einnahmen,30-34,30,34,sum_beitrag_ahv,3337964367.948,CHF,chf,nur_arbeitnehmende
2018,ahv_einnahmen,35-39,35,39,n_personen,609445.0,Anzahl,count,nur_arbeitnehmende
2018,ahv_einnahmen,35-39,35,39,sum_einkommen,43559128110.0,CHF,chf,nur_arbeitnehmende
2018,ahv_einnahmen,35-39,35,39,sum_beitrag_ahv,3658966761.24,CHF,chf,nur_arbeitnehmende
2018,ahv_einnahmen,40-44,40,44,n_personen,571517.0,Anzahl,count,nur_arbeitnehmende
2018,ahv_einnahmen,40-44,40,44,sum_einkommen,45284233281.0,CHF,chf,nur_arbeitnehmende
2018,ahv_einnahmen,40-44,40,44,sum_beitrag_ahv,3803875595.604,CHF,chf,nur_arbeitnehmende
2018,ahv_einnahmen,45-49,45,49,n_personen,593279.0,Anzahl,count,nur_arbeitnehmende
2018,ahv_einnahmen,45-49,45,49,sum_einkommen,50514984530.0,CHF,chf,nur_arbeitnehmende
2018,ahv_einnahmen,45-49,45,49,sum_beitrag_ahv,4243258700.52,CHF,chf,nur_arbeitnehmende
2018,ahv_einnahmen,50-54,50,54,n_personen,617565.0,Anzahl,count,nur_arbeitnehmende
2018,ahv_einnahmen,50-54,50,54,sum_einkommen,53664678941.0,CHF,chf,nur_arbeitnehmende
2018,ahv_einnahmen,50-54,50,54,sum_beitrag_ahv,4507833031.044,CHF,chf,nur_arbeitnehmende
2018,ahv_einnahmen,55-59,55,59,n_personen,522209.0,Anzahl,count,nur_arbeitnehmende
2018,ahv_einnahmen,55-59,55,59,sum_einkommen,44499401970.0,CHF,chf,nur_arbeitnehmende
2018,ahv_einnahmen,55-59,55,59,sum_beitrag_ahv,3737949765.48,CHF,chf,nur_arbeitnehmende
2018,ahv_einnahmen,60-64,60,64,n_personen,346137.0,Anzahl,count,nur_arbeitnehmende
2018,ahv_einnahmen,60-64,60,64,sum_einkommen,25904720618.0,CHF,chf,nur_arbeitnehmende
2018,ahv_einnahmen,60-64,60,64,sum_beitrag_ahv,2175996531.912,CHF,chf,nur_arbeitnehmende
2018,ahv_einnahmen,65-69,65,69,n_personen,65679.0,Anzahl,count,nur_arbeitnehmende
2018,ahv_einnahmen,65-69,65,69,sum_einkommen,3318896826.0,CHF,chf,nur_arbeitnehmende
2018,ahv_einnahmen,65-69,65,69,sum_beitrag_ahv,278787333.384,CHF,chf,nur_arbeitnehmende
2018,ahv_einnahmen,70-74,70,74,n_personen,16965.0,Anzahl,count,nur_arbeitnehmende
2018,ahv_einnahmen,70-74,70,74,sum_einkommen,776306572.0,CHF,chf,nur_arbeitnehmende
2018,ahv_einnahmen,70-74,70,74,sum_beitrag_ahv,65209752.048,CHF,chf,nur_arbeitnehmende
2018,ahv_einnahmen,75+,75,100,n_personen,8272.0,Anzahl,count,nur_arbeitnehmende
2018,ahv_einnahmen,75+,75,100,sum_einkommen,401862859.0,CHF,chf,nur_arbeitnehmende
2018,ahv_einnahmen,75+,75,100,sum_beitrag_ahv,33756480.156,CHF,chf,nur_arbeitnehmende
2019,ahv_einnahmen,<20,0,19,n_personen,139977.0,Anzahl,count,nur_arbeitnehmende
2019,ahv_einnahmen,<20,0,19,sum_einkommen,1806805922.0,CHF,chf,nur_arbeitnehmende
2019,ahv_einnahmen,<20,0,19,sum_beitrag_ahv,151771697.448,CHF,chf,nur_arbeitnehmende
2019,ahv_einnahmen,20-24,20,24,n_personen,469864.0,Anzahl,count,nur_arbeitnehmende
2019,ahv_einnahmen,20-24,20,24,sum_einkommen,13881113746.0,CHF,chf,nur_arbeitnehmende
2019,ahv_einnahmen,20-24,20,24,sum_beitrag_ahv,1166013554.664,CHF,chf,nur_arbeitnehmende
2019,ahv_einnahmen,25-29,25,29,n_personen,600899.0,Anzahl,count,nur_arbeitnehmende
2019,ahv_einnahmen,25-29,25,29,sum_einkommen,30174649966.0,CHF,chf,nur_arbeitnehmende
2019,ahv_einnahmen,25-29,25,29,sum_beitrag_ahv,2534670597.144,CHF,chf,nur_arbeitnehmende
2019,ahv_einnahmen,30-34,30,34,n_personen,636426.0,Anzahl,count,nur_arbeitnehmende
2019,ahv_einnahmen,30-34,30,34,sum_einkommen,40670252712.0,CHF,chf,nur_arbeitnehmende
2019,ahv_einnahmen,30-34,30,34,sum_beitrag_ahv,3416301227.808,CHF,chf,nur_arbeitnehmende
2019,ahv_einnahmen,35-39,35,39,n_personen,621327.0,Anzahl,count,nur_arbeitnehmende
2019,ahv_einnahmen,35-39,35,39,sum_einkommen,44734326612.0,CHF,chf,nur_arbeitnehmende
2019,ahv_einnahmen,35-39,35,39,sum_beitrag_ahv,3757683435.408,CHF,chf,nur_arbeitnehmende
2019,ahv_einnahmen,40-44,40,44,n_personen,579646.0,Anzahl,count,nur_arbeitnehmende
2019,ahv_einnahmen,40-44,40,44,sum_einkommen,46151774493.0,CHF,chf,nur_arbeitnehmende
2019,ahv_einnahmen,40-44,40,44,sum_beitrag_ahv,3876749057.412,CHF,chf,nur_arbeitnehmende
2019,ahv_einnahmen,45-49,45,49,n_personen,587960.0,Anzahl,count,nur_arbeitnehmende
2019,ahv_einnahmen,45-49,45,49,sum_einkommen,50561060592.0,CHF,chf,nur_arbeitnehmende
2019,ahv_einnahmen,45-49,45,49,sum_beitrag_ahv,4247129089.728,CHF,chf,nur_arbeitnehmende
2019,ahv_einnahmen,50-54,50,54,n_personen,614946.0,Anzahl,count,nur_arbeitnehmende
2019,ahv_einnahmen,50-54,50,54,sum_einkommen,54401993328.0,CHF,chf,nur_arbeitnehmende
2019,ahv_einnahmen,50-54,50,54,sum_beitrag_ahv,4569767439.552,CHF,chf,nur_arbeitnehmende
2019,ahv_einnahmen,55-59,55,59,n_personen,544487.0,Anzahl,count,nur_arbeitnehmende
2019,ahv_einnahmen,55-59,55,59,sum_einkommen,47011590499.0,CHF,chf,nur_arbeitnehmende
2019,ahv_einnahmen,55-59,55,59,sum_beitrag_ahv,3948973601.916,CHF,chf,nur_arbeitnehmende
2019,ahv_einnahmen,60-64,60,64,n_personen,361026.0,Anzahl,count,nur_arbeitnehmende
2019,ahv_einnahmen,60-64,60,64,sum_einkommen,27464306490.0,CHF,chf,nur_arbeitnehmende
2019,ahv_einnahmen,60-64,60,64,sum_beitrag_ahv,2307001745.16,CHF,chf,nur_arbeitnehmende
2019,ahv_einnahmen,65-69,65,69,n_personen,68081.0,Anzahl,count,nur_arbeitnehmende
2019,ahv_einnahmen,65-69,65,69,sum_einkommen,3359320824.0,CHF,chf,nur_arbeitnehmende
2019,ahv_einnahmen,65-69,65,69,sum_beitrag_ahv,282182949.216,CHF,chf,nur_arbeitnehmende
2019,ahv_einnahmen,70-74,70,74,n_personen,17435.0,Anzahl,count,nur_arbeitnehmende
2019,ahv_einnahmen,70-74,70,74,sum_einkommen,766080219.0,CHF,chf,nur_arbeitnehmende
2019,ahv_einnahmen,70-74,70,74,sum_beitrag_ahv,64350738.396,CHF,chf,nur_arbeitnehmende
2019,ahv_einnahmen,75+,75,100,n_personen,8797.0,Anzahl,count,nur_arbeitnehmende
2019,ahv_einnahmen,75+,75,100,sum_einkommen,419597121.0,CHF,chf,nur_arbeitnehmende
2019,ahv_einnahmen,75+,75,100,sum_beitrag_ahv,35246158.164,CHF,chf,nur_arbeitnehmende
2020,ahv_einnahmen,<20,0,19,n_personen,128882.0,Anzahl,count,nur_arbeitnehmende
2020,ahv_einnahmen,<20,0,19,sum_einkommen,1759513932.0,CHF,chf,nur_arbeitnehmende
2020,ahv_einnahmen,<20,0,19,sum_beitrag_ahv,153077712.084,CHF,chf,nur_arbeitnehmende
2020,ahv_einnahmen,20-24,20,24,n_personen,451221.0,Anzahl,count,nur_arbeitnehmende
2020,ahv_einnahmen,20-24,20,24,sum_einkommen,13869533387.0,CHF,chf,nur_arbeitnehmende
2020,ahv_einnahmen,20-24,20,24,sum_beitrag_ahv,1206649404.669,CHF,chf,nur_arbeitnehmende
2020,ahv_einnahmen,25-29,25,29,n_personen,584381.0,Anzahl,count,nur_arbeitnehmende
2020,ahv_einnahmen,25-29,25,29,sum_einkommen,30030101366.0,CHF,chf,nur_arbeitnehmende
2020,ahv_einnahmen,25-29,25,29,sum_beitrag_ahv,2612618818.842,CHF,chf,nur_arbeitnehmende
2020,ahv_einnahmen,30-34,30,34,n_personen,642895.0,Anzahl,count,nur_arbeitnehmende
2020,ahv_einnahmen,30-34,30,34,sum_einkommen,41753676633.0,CHF,chf,nur_arbeitnehmende
2020,ahv_einnahmen,30-34,30,34,sum_beitrag_ahv,3632569867.071,CHF,chf,nur_arbeitnehmende
2020,ahv_einnahmen,35-39,35,39,n_personen,629425.0,Anzahl,count,nur_arbeitnehmende
2020,ahv_einnahmen,35-39,35,39,sum_einkommen,45746745356.0,CHF,chf,nur_arbeitnehmende
2020,ahv_einnahmen,35-39,35,39,sum_beitrag_ahv,3979966845.972,CHF,chf,nur_arbeitnehmende
2020,ahv_einnahmen,40-44,40,44,n_personen,598485.0,Anzahl,count,nur_arbeitnehmende
2020,ahv_einnahmen,40-44,40,44,sum_einkommen,47705619742.0,CHF,chf,nur_arbeitnehmende
2020,ahv_einnahmen,40-44,40,44,sum_beitrag_ahv,4150388917.554,CHF,chf,nur_arbeitnehmende
2020,ahv_einnahmen,45-49,45,49,n_personen,591350.0,Anzahl,count,nur_arbeitnehmende
2020,ahv_einnahmen,45-49,45,49,sum_einkommen,50645117483.0,CHF,chf,nur_arbeitnehmende
2020,ahv_einnahmen,45-49,45,49,sum_beitrag_ahv,4406125221.021,CHF,chf,nur_arbeitnehmende
2020,ahv_einnahmen,50-54,50,54,n_personen,621666.0,Anzahl,count,nur_arbeitnehmende
2020,ahv_einnahmen,50-54,50,54,sum_einkommen,54396967346.0,CHF,chf,nur_arbeitnehmende
2020,ahv_einnahmen,50-54,50,54,sum_beitrag_ahv,4732536159.102,CHF,chf,nur_arbeitnehmende
2020,ahv_einnahmen,55-59,55,59,n_personen,577158.0,Anzahl,count,nur_arbeitnehmende
2020,ahv_einnahmen,55-59,55,59,sum_einkommen,49489127037.0,CHF,chf,nur_arbeitnehmende
2020,ahv_einnahmen,55-59,55,59,sum_beitrag_ahv,4305554052.219,CHF,chf,nur_arbeitnehmende
2020,ahv_einnahmen,60-64,60,64,n_personen,388182.0,Anzahl,count,nur_arbeitnehmende
2020,ahv_einnahmen,60-64,60,64,sum_einkommen,29229016033.0,CHF,chf,nur_arbeitnehmende
2020,ahv_einnahmen,60-64,60,64,sum_beitrag_ahv,2542924394.871,CHF,chf,nur_arbeitnehmende
2020,ahv_einnahmen,65-69,65,69,n_personen,71774.0,Anzahl,count,nur_arbeitnehmende
2020,ahv_einnahmen,65-69,65,69,sum_einkommen,3531538167.0,CHF,chf,nur_arbeitnehmende
2020,ahv_einnahmen,65-69,65,69,sum_beitrag_ahv,307243820.529,CHF,chf,nur_arbeitnehmende
2020,ahv_einnahmen,70-74,70,74,n_personen,17790.0,Anzahl,count,nur_arbeitnehmende
2020,ahv_einnahmen,70-74,70,74,sum_einkommen,772470897.0,CHF,chf,nur_arbeitnehmende
2020,ahv_einnahmen,70-74,70,74,sum_beitrag_ahv,67204968.039,CHF,chf,nur_arbeitnehmende
2020,ahv_einnahmen,75+,75,100,n_personen,9362.0,Anzahl,count,nur_arbeitnehmende
2020,ahv_einnahmen,75+,75,100,sum_einkommen,444768122.0,CHF,chf,nur_arbeitnehmende
2020,ahv_einnahmen,75+,75,100,sum_beitrag_ahv,38694826.614,CHF,chf,nur_arbeitnehmende
2021,ahv_einnahmen,<20,0,19,n_personen,131187.0,Anzahl,count,nur_arbeitnehmende
2021,ahv_einnahmen,<20,0,19,sum_einkommen,1786878235.0,CHF,chf,nur_arbeitnehmende
2021,ahv_einnahmen,<20,0,19,sum_beitrag_ahv,155458406.445,CHF,chf,nur_arbeitnehmende
2021,ahv_einnahmen,20-24,20,24,n_personen,454055.0,Anzahl,count,nur_arbeitnehmende
2021,ahv_einnahmen,20-24,20,24,sum_einkommen,13967763944.0,CHF,chf,nur_arbeitnehmende
2021,ahv_einnahmen,20-24,20,24,sum_beitrag_ahv,1215195463.128,CHF,chf,nur_arbeitnehmende
2021,ahv_einnahmen,25-29,25,29,n_personen,585362.0,Anzahl,count,nur_arbeitnehmende
2021,ahv_einnahmen,25-29,25,29,sum_einkommen,30292769624.0,CHF,chf,nur_arbeitnehmende
2021,ahv_einnahmen,25-29,25,29,sum_beitrag_ahv,2635470957.288,CHF,chf,nur_arbeitnehmende
2021,ahv_einnahmen,30-34,30,34,n_personen,650495.0,Anzahl,count,nur_arbeitnehmende
2021,ahv_einnahmen,30-34,30,34,sum_einkommen,42827075988.0,CHF,chf,nur_arbeitnehmende
2021,ahv_einnahmen,30-34,30,34,sum_beitrag_ahv,3725955610.956,CHF,chf,nur_arbeitnehmende
2021,ahv_einnahmen,35-39,35,39,n_personen,634846.0,Anzahl,count,nur_arbeitnehmende
2021,ahv_einnahmen,35-39,35,39,sum_einkommen,47074188764.0,CHF,chf,nur_arbeitnehmende
2021,ahv_einnahmen,35-39,35,39,sum_beitrag_ahv,4095454422.468,CHF,chf,nur_arbeitnehmende
2021,ahv_einnahmen,40-44,40,44,n_personen,606432.0,Anzahl,count,nur_arbeitnehmende
2021,ahv_einnahmen,40-44,40,44,sum_einkommen,49444628339.0,CHF,chf,nur_arbeitnehmende
2021,ahv_einnahmen,40-44,40,44,sum_beitrag_ahv,4301682665.493,CHF,chf,nur_arbeitnehmende
2021,ahv_einnahmen,45-49,45,49,n_personen,582638.0,Anzahl,count,nur_arbeitnehmende
2021,ahv_einnahmen,45-49,45,49,sum_einkommen,51179216209.0,CHF,chf,nur_arbeitnehmende
2021,ahv_einnahmen,45-49,45,49,sum_beitrag_ahv,4452591810.183,CHF,chf,nur_arbeitnehmende
2021,ahv_einnahmen,50-54,50,54,n_personen,607094.0,Anzahl,count,nur_arbeitnehmende
2021,ahv_einnahmen,50-54,50,54,sum_einkommen,54789988335.0,CHF,chf,nur_arbeitnehmende
2021,ahv_einnahmen,50-54,50,54,sum_beitrag_ahv,4766728985.145,CHF,chf,nur_arbeitnehmende
2021,ahv_einnahmen,55-59,55,59,n_personen,582074.0,Anzahl,count,nur_arbeitnehmende
2021,ahv_einnahmen,55-59,55,59,sum_einkommen,51419835415.0,CHF,chf,nur_arbeitnehmende
2021,ahv_einnahmen,55-59,55,59,sum_beitrag_ahv,4473525681.105,CHF,chf,nur_arbeitnehmende
2021,ahv_einnahmen,60-64,60,64,n_personen,397249.0,Anzahl,count,nur_arbeitnehmende
2021,ahv_einnahmen,60-64,60,64,sum_einkommen,30778011944.0,CHF,chf,nur_arbeitnehmende
2021,ahv_einnahmen,60-64,60,64,sum_beitrag_ahv,2677687039.128,CHF,chf,nur_arbeitnehmende
2021,ahv_einnahmen,65-69,65,69,n_personen,74581.0,Anzahl,count,nur_arbeitnehmende
2021,ahv_einnahmen,65-69,65,69,sum_einkommen,3832394408.0,CHF,chf,nur_arbeitnehmende
2021,ahv_einnahmen,65-69,65,69,sum_beitrag_ahv,333418313.496,CHF,chf,nur_arbeitnehmende
2021,ahv_einnahmen,70-74,70,74,n_personen,17482.0,Anzahl,count,nur_arbeitnehmende
2021,ahv_einnahmen,70-74,70,74,sum_einkommen,825185250.0,CHF,chf,nur_arbeitnehmende
2021,ahv_einnahmen,70-74,70,74,sum_beitrag_ahv,71791116.75,CHF,chf,nur_arbeitnehmende
2021,ahv_einnahmen,75+,75,100,n_personen,9563.0,Anzahl,count,nur_arbeitnehmende
2021,ahv_einnahmen,75+,75,100,sum_einkommen,468758178.0,CHF,chf,nur_arbeitnehmende
2021,ahv_einnahmen,75+,75,100,sum_beitrag_ahv,40781961.486,CHF,chf,nur_arbeitnehmende
2022,ahv_einnahmen,<20,0,19,n_personen,137428.0,Anzahl,count,nur_arbeitnehmende
2022,ahv_einnahmen,<20,0,19,sum_einkommen,1861488259.0,CHF,chf,nur_arbeitnehmende
2022,ahv_einnahmen,<20,0,19,sum_beitrag_ahv,161949478.533,CHF,chf,nur_arbeitnehmende
2022,ahv_einnahmen,20-24,20,24,n_personen,468540.0,Anzahl,count,nur_arbeitnehmende
2022,ahv_einnahmen,20-24,20,24,sum_einkommen,14215015530.0,CHF,chf,nur_arbeitnehmende
2022,ahv_einnahmen,20-24,20,24,sum_beitrag_ahv,1236706351.11,CHF,chf,nur_arbeitnehmende
2022,ahv_einnahmen,25-29,25,29,n_personen,599695.0,Anzahl,count,nur_arbeitnehmende
2022,ahv_einnahmen,25-29,25,29,sum_einkommen,31004645738.0,CHF,chf,nur_arbeitnehmende
2022,ahv_einnahmen,25-29,25,29,sum_beitrag_ahv,2697404179.206,CHF,chf,nur_arbeitnehmende
2022,ahv_einnahmen,30-34,30,34,n_personen,670893.0,Anzahl,count,nur_arbeitnehmende
2022,ahv_einnahmen,30-34,30,34,sum_einkommen,44411161291.0,CHF,chf,nur_arbeitnehmende
2022,ahv_einnahmen,30-34,30,34,sum_beitrag_ahv,3863771032.317,CHF,chf,nur_arbeitnehmende
2022,ahv_einnahmen,35-39,35,39,n_personen,651141.0,Anzahl,count,nur_arbeitnehmende
2022,ahv_einnahmen,35-39,35,39,sum_einkommen,48738686372.0,CHF,chf,nur_arbeitnehmende
2022,ahv_einnahmen,35-39,35,39,sum_beitrag_ahv,4240265714.364,CHF,chf,nur_arbeitnehmende
2022,ahv_einnahmen,40-44,40,44,n_personen,626770.0,Anzahl,count,nur_arbeitnehmende
2022,ahv_einnahmen,40-44,40,44,sum_einkommen,51463660363.0,CHF,chf,nur_arbeitnehmende
2022,ahv_einnahmen,40-44,40,44,sum_beitrag_ahv,4477338451.581,CHF,chf,nur_arbeitnehmende
2022,ahv_einnahmen,45-49,45,49,n_personen,588062.0,Anzahl,count,nur_arbeitnehmende
2022,ahv_einnahmen,45-49,45,49,sum_einkommen,52300882997.0,CHF,chf,nur_arbeitnehmende
2022,ahv_einnahmen,45-49,45,49,sum_beitrag_ahv,4550176820.739,CHF,chf,nur_arbeitnehmende
2022,ahv_einnahmen,50-54,50,54,n_personen,602805.0,Anzahl,count,nur_arbeitnehmende
2022,ahv_einnahmen,50-54,50,54,sum_einkommen,55473217001.0,CHF,chf,nur_arbeitnehmende
2022,ahv_einnahmen,50-54,50,54,sum_beitrag_ahv,4826169879.087,CHF,chf,nur_arbeitnehmende
2022,ahv_einnahmen,55-59,55,59,n_personen,589544.0,Anzahl,count,nur_arbeitnehmende
2022,ahv_einnahmen,55-59,55,59,sum_einkommen,53543912138.0,CHF,chf,nur_arbeitnehmende
2022,ahv_einnahmen,55-59,55,59,sum_beitrag_ahv,4658320356.006,CHF,chf,nur_arbeitnehmende
2022,ahv_einnahmen,60-64,60,64,n_personen,411865.0,Anzahl,count,nur_arbeitnehmende
2022,ahv_einnahmen,60-64,60,64,sum_einkommen,32355234270.0,CHF,chf,nur_arbeitnehmende
2022,ahv_einnahmen,60-64,60,64,sum_beitrag_ahv,2814905381.49,CHF,chf,nur_arbeitnehmende
2022,ahv_einnahmen,65-69,65,69,n_personen,79979.0,Anzahl,count,nur_arbeitnehmende
2022,ahv_einnahmen,65-69,65,69,sum_einkommen,4238059316.0,CHF,chf,nur_arbeitnehmende
2022,ahv_einnahmen,65-69,65,69,sum_beitrag_ahv,368711160.492,CHF,chf,nur_arbeitnehmende
2022,ahv_einnahmen,70-74,70,74,n_personen,18410.0,Anzahl,count,nur_arbeitnehmende
2022,ahv_einnahmen,70-74,70,74,sum_einkommen,880688748.0,CHF,chf,nur_arbeitnehmende
2022,ahv_einnahmen,70-74,70,74,sum_beitrag_ahv,76619921.076,CHF,chf,nur_arbeitnehmende
2022,ahv_einnahmen,75+,75,100,n_personen,10087.0,Anzahl,count,nur_arbeitnehmende
2022,ahv_einnahmen,75+,75,100,sum_einkommen,481728231.0,CHF,chf,nur_arbeitnehmende
2022,ahv_einnahmen,75+,75,100,sum_beitrag_ahv,41910356.097,CHF,chf,nur_arbeitnehmende
2023,ahv_einnahmen,<20,0,19,n_personen,141205.0,Anzahl,count,nur_arbeitnehmende
2023,ahv_einnahmen,<20,0,19,sum_einkommen,1945601036.0,CHF,chf,nur_arbeitnehmende
2023,ahv_einnahmen,<20,0,19,sum_beitrag_ahv,169267290.132,CHF,chf,nur_arbeitnehmende
2023,ahv_einnahmen,20-24,20,24,n_personen,471183.0,Anzahl,count,nur_arbeitnehmende
2023,ahv_einnahmen,20-24,20,24,sum_einkommen,14686810342.0,CHF,chf,nur_arbeitnehmende
2023,ahv_einnahmen,20-24,20,24,sum_beitrag_ahv,1277752499.754,CHF,chf,nur_arbeitnehmende
2023,ahv_einnahmen,25-29,25,29,n_personen,607488.0,Anzahl,count,nur_arbeitnehmende
2023,ahv_einnahmen,25-29,25,29,sum_einkommen,32213725269.0,CHF,chf,nur_arbeitnehmende
2023,ahv_einnahmen,25-29,25,29,sum_beitrag_ahv,2802594098.403,CHF,chf,nur_arbeitnehmende
2023,ahv_einnahmen,30-34,30,34,n_personen,676302.0,Anzahl,count,nur_arbeitnehmende
2023,ahv_einnahmen,30-34,30,34,sum_einkommen,45953057477.0,CHF,chf,nur_arbeitnehmende
2023,ahv_einnahmen,30-34,30,34,sum_beitrag_ahv,3997916000.499,CHF,chf,nur_arbeitnehmende
2023,ahv_einnahmen,35-39,35,39,n_personen,667465.0,Anzahl,count,nur_arbeitnehmende
2023,ahv_einnahmen,35-39,35,39,sum_einkommen,51280749695.0,CHF,chf,nur_arbeitnehmende
2023,ahv_einnahmen,35-39,35,39,sum_beitrag_ahv,4461425223.465,CHF,chf,nur_arbeitnehmende
2023,ahv_einnahmen,40-44,40,44,n_personen,639889.0,Anzahl,count,nur_arbeitnehmende
2023,ahv_einnahmen,40-44,40,44,sum_einkommen,53769037120.0,CHF,chf,nur_arbeitnehmende
2023,ahv_einnahmen,40-44,40,44,sum_beitrag_ahv,4677906229.44,CHF,chf,nur_arbeitnehmende
2023,ahv_einnahmen,45-49,45,49,n_personen,594323.0,Anzahl,count,nur_arbeitnehmende
2023,ahv_einnahmen,45-49,45,49,sum_einkommen,53736290229.0,CHF,chf,nur_arbeitnehmende
2023,ahv_einnahmen,45-49,45,49,sum_beitrag_ahv,4675057249.923,CHF,chf,nur_arbeitnehmende
2023,ahv_einnahmen,50-54,50,54,n_personen,595662.0,Anzahl,count,nur_arbeitnehmende
2023,ahv_einnahmen,50-54,50,54,sum_einkommen,56084269733.0,CHF,chf,nur_arbeitnehmende
2023,ahv_einnahmen,50-54,50,54,sum_beitrag_ahv,4879331466.771,CHF,chf,nur_arbeitnehmende
2023,ahv_einnahmen,55-59,55,59,n_personen,592308.0,Anzahl,count,nur_arbeitnehmende
2023,ahv_einnahmen,55-59,55,59,sum_einkommen,54891519450.0,CHF,chf,nur_arbeitnehmende
2023,ahv_einnahmen,55-59,55,59,sum_beitrag_ahv,4775562192.15,CHF,chf,nur_arbeitnehmende
2023,ahv_einnahmen,60-64,60,64,n_personen,429219.0,Anzahl,count,nur_arbeitnehmende
2023,ahv_einnahmen,60-64,60,64,sum_einkommen,34817073147.0,CHF,chf,nur_arbeitnehmende
2023,ahv_einnahmen,60-64,60,64,sum_beitrag_ahv,3029085363.789,CHF,chf,nur_arbeitnehmende
2023,ahv_einnahmen,65-69,65,69,n_personen,84036.0,Anzahl,count,nur_arbeitnehmende
2023,ahv_einnahmen,65-69,65,69,sum_einkommen,4561288330.0,CHF,chf,nur_arbeitnehmende
2023,ahv_einnahmen,65-69,65,69,sum_beitrag_ahv,396832084.71,CHF,chf,nur_arbeitnehmende
2023,ahv_einnahmen,70-74,70,74,n_personen,18734.0,Anzahl,count,nur_arbeitnehmende
2023,ahv_einnahmen,70-74,70,74,sum_einkommen,829913870.0,CHF,chf,nur_arbeitnehmende
2023,ahv_einnahmen,70-74,70,74,sum_beitrag_ahv,72202506.69,CHF,chf,nur_arbeitnehmende
2023,ahv_einnahmen,75+,75,100,n_personen,10441.0,Anzahl,count,nur_arbeitnehmende
2023,ahv_einnahmen,75+,75,100,sum_einkommen,500131419.0,CHF,chf,nur_arbeitnehmende
2023,ahv_einnahmen,75+,75,100,sum_beitrag_ahv,43511433.453,CHF,chf,nur_arbeitnehmende
2024,ahv_einnahmen,<20,0,19,n_personen,141928.0,Anzahl,count,nur_arbeitnehmende
2024,ahv_einnahmen,<20,0,19,sum_einkommen,1978644278.0,CHF,chf,nur_arbeitnehmende
2024,ahv_einnahmen,<20,0,19,sum_beitrag_ahv,172142052.186,CHF,chf,nur_arbeitnehmende
2024,ahv_einnahmen,20-24,20,24,n_personen,468192.0,Anzahl,count,nur_arbeitnehmende
2024,ahv_einnahmen,20-24,20,24,sum_einkommen,14839679735.0,CHF,chf,nur_arbeitnehmende
2024,ahv_einnahmen,20-24,20,24,sum_beitrag_ahv,1291052136.945,CHF,chf,nur_arbeitnehmende
2024,ahv_einnahmen,25-29,25,29,n_personen,609147.0,Anzahl,count,nur_arbeitnehmende
2024,ahv_einnahmen,25-29,25,29,sum_einkommen,32852602652.0,CHF,chf,nur_arbeitnehmende
2024,ahv_einnahmen,25-29,25,29,sum_beitrag_ahv,2858176430.724,CHF,chf,nur_arbeitnehmende
2024,ahv_einnahmen,30-34,30,34,n_personen,677438.0,Anzahl,count,nur_arbeitnehmende
2024,ahv_einnahmen,30-34,30,34,sum_einkommen,46939976893.0,CHF,chf,nur_arbeitnehmende
2024,ahv_einnahmen,30-34,30,34,sum_beitrag_ahv,4083777989.691,CHF,chf,nur_arbeitnehmende
2024,ahv_einnahmen,35-39,35,39,n_personen,677226.0,Anzahl,count,nur_arbeitnehmende
2024,ahv_einnahmen,35-39,35,39,sum_einkommen,52927585624.0,CHF,chf,nur_arbeitnehmende
2024,ahv_einnahmen,35-39,35,39,sum_beitrag_ahv,4604699949.288,CHF,chf,nur_arbeitnehmende
2024,ahv_einnahmen,40-44,40,44,n_personen,652427.0,Anzahl,count,nur_arbeitnehmende
2024,ahv_einnahmen,40-44,40,44,sum_einkommen,55882532194.0,CHF,chf,nur_arbeitnehmende
2024,ahv_einnahmen,40-44,40,44,sum_beitrag_ahv,4861780300.878,CHF,chf,nur_arbeitnehmende
2024,ahv_einnahmen,45-49,45,49,n_personen,602075.0,Anzahl,count,nur_arbeitnehmende
2024,ahv_einnahmen,45-49,45,49,sum_einkommen,55268514234.0,CHF,chf,nur_arbeitnehmende
2024,ahv_einnahmen,45-49,45,49,sum_beitrag_ahv,4808360738.358,CHF,chf,nur_arbeitnehmende
2024,ahv_einnahmen,50-54,50,54,n_personen,590950.0,Anzahl,count,nur_arbeitnehmende
2024,ahv_einnahmen,50-54,50,54,sum_einkommen,56616944936.0,CHF,chf,nur_arbeitnehmende
2024,ahv_einnahmen,50-54,50,54,sum_beitrag_ahv,4925674209.432,CHF,chf,nur_arbeitnehmende
2024,ahv_einnahmen,55-59,55,59,n_personen,590658.0,Anzahl,count,nur_arbeitnehmende
2024,ahv_einnahmen,55-59,55,59,sum_einkommen,55855914482.0,CHF,chf,nur_arbeitnehmende
2024,ahv_einnahmen,55-59,55,59,sum_beitrag_ahv,4859464559.934,CHF,chf,nur_arbeitnehmende
2024,ahv_einnahmen,60-64,60,64,n_personen,451159.0,Anzahl,count,nur_arbeitnehmende
2024,ahv_einnahmen,60-64,60,64,sum_einkommen,37324051864.0,CHF,chf,nur_arbeitnehmende
2024,ahv_einnahmen,60-64,60,64,sum_beitrag_ahv,3247192512.168,CHF,chf,nur_arbeitnehmende
2024,ahv_einnahmen,65-69,65,69,n_personen,90841.0,Anzahl,count,nur_arbeitnehmende
2024,ahv_einnahmen,65-69,65,69,sum_einkommen,4941763315.0,CHF,chf,nur_arbeitnehmende
2024,ahv_einnahmen,65-69,65,69,sum_beitrag_ahv,429933408.405,CHF,chf,nur_arbeitnehmende
2024,ahv_einnahmen,70-74,70,74,n_personen,20243.0,Anzahl,count,nur_arbeitnehmende
2024,ahv_einnahmen,70-74,70,74,sum_einkommen,917251566.0,CHF,chf,nur_arbeitnehmende
2024,ahv_einnahmen,70-74,70,74,sum_beitrag_ahv,79800886.242,CHF,chf,nur_arbeitnehmende
2024,ahv_einnahmen,75+,75,100,n_personen,11141.0,Anzahl,count,nur_arbeitnehmende
2024,ahv_einnahmen,75+,75,100,sum_einkommen,525833586.0,CHF,chf,nur_arbeitnehmende
2024,ahv_einnahmen,75+,75,100,sum_beitrag_ahv,45747521.982,CHF,chf,nur_arbeitnehmende
